2026-07-16 20:32:00,872 INFO o.h.v.i.u.Version [background-preinit] HV000001: Hibernate Validator 8.0.1.Final
2026-07-16 20:32:00,991 INFO o.s.b.StartupInfoLogger [main] Starting FuelstationBackendApplication using Java 21.0.8 with PID 15928 (C:\Users\Hp\OneDrive\Smart-Fuel-Station-Management-System\backend\target\classes started by Hp in C:\Users\Hp\OneDrive\Smart-Fuel-Station-Management-System\backend)
2026-07-16 20:32:00,992 DEBUG o.s.b.StartupInfoLogger [main] Running with Spring Boot v3.3.0, Spring v6.1.8
2026-07-16 20:32:00,993 INFO o.s.b.SpringApplication [main] No active profile set, falling back to 1 default profile: "default"
2026-07-16 20:32:02,153 INFO o.s.d.r.c.RepositoryConfigurationDelegate [main] Bootstrapping Spring Data JPA repositories in DEFAULT mode.
2026-07-16 20:32:02,400 INFO o.s.d.r.c.RepositoryConfigurationDelegate [main] Finished Spring Data repository scanning in 223 ms. Found 10 JPA repository interfaces.
2026-07-16 20:32:04,030 INFO o.s.b.w.e.t.TomcatWebServer [main] Tomcat initialized with port 8080 (http)
2026-07-16 20:32:04,044 INFO o.a.j.l.DirectJDKLog [main] Initializing ProtocolHandler ["http-nio-8080"]
2026-07-16 20:32:04,049 INFO o.a.j.l.DirectJDKLog [main] Starting service [Tomcat]
2026-07-16 20:32:04,050 INFO o.a.j.l.DirectJDKLog [main] Starting Servlet engine: [Apache Tomcat/10.1.24]
2026-07-16 20:32:04,187 INFO o.a.j.l.DirectJDKLog [main] Initializing Spring embedded WebApplicationContext
2026-07-16 20:32:04,191 INFO o.s.b.w.s.c.ServletWebServerApplicationContext [main] Root WebApplicationContext: initialization completed in 3083 ms
2026-07-16 20:32:04,759 INFO o.h.j.i.u.LogHelper [main] HHH000204: Processing PersistenceUnitInfo [name: default]
2026-07-16 20:32:04,873 INFO o.h.Version [main] HHH000412: Hibernate ORM core version 6.5.2.Final
2026-07-16 20:32:04,947 INFO o.h.c.i.RegionFactoryInitiator [main] HHH000026: Second-level cache disabled
2026-07-16 20:32:05,389 INFO o.s.o.j.p.SpringPersistenceUnitInfo [main] No LoadTimeWeaver setup: ignoring JPA class transformer
2026-07-16 20:32:05,438 INFO c.z.h.HikariDataSource [main] HikariPool-1 - Starting...
2026-07-16 20:32:05,852 INFO c.z.h.p.HikariPool [main] HikariPool-1 - Added connection com.mysql.cj.jdbc.ConnectionImpl@4e933cf1
2026-07-16 20:32:05,854 INFO c.z.h.HikariDataSource [main] HikariPool-1 - Start completed.
2026-07-16 20:32:07,476 INFO o.h.e.t.j.p.i.JtaPlatformInitiator [main] HHH000489: No JTA platform available (set 'hibernate.transaction.jta.platform' to enable JTA platform integration)
2026-07-16 20:32:09,319 INFO o.s.o.j.AbstractEntityManagerFactoryBean [main] Initialized JPA EntityManagerFactory for persistence unit 'default'
2026-07-16 20:32:09,928 DEBUG o.s.w.f.GenericFilterBean [main] Filter 'authenticationJwtTokenFilter' configured for use
2026-07-16 20:32:10,004 INFO o.s.d.j.r.q.QueryEnhancerFactory [main] Hibernate is in classpath; If applicable, HQL parser will be used.
2026-07-16 20:32:11,167 INFO o.s.s.c.a.a.c.InitializeAuthenticationProviderBeanManagerConfigurer$InitializeAuthenticationProviderManagerConfigurer [main] Global AuthenticationManager configured with AuthenticationProvider bean with name authenticationProvider
2026-07-16 20:32:11,168 WARN o.s.s.c.a.a.c.InitializeUserDetailsBeanManagerConfigurer$InitializeUserDetailsManagerConfigurer [main] Global AuthenticationManager configured with an AuthenticationProvider bean. UserDetailsService beans will not be used for username/password login. Consider removing the AuthenticationProvider bean. Alternatively, consider using the UserDetailsService in a manually instantiated DaoAuthenticationProvider.
2026-07-16 20:32:11,457 WARN o.s.b.a.o.j.JpaBaseConfiguration$JpaWebConfiguration [main] spring.jpa.open-in-view is enabled by default. Therefore, database queries may be performed during view rendering. Explicitly configure spring.jpa.open-in-view to disable this warning
2026-07-16 20:32:12,157 INFO o.s.b.a.e.w.EndpointLinksResolver [main] Exposing 2 endpoints beneath base path '/actuator'
2026-07-16 20:32:12,241 INFO o.s.s.w.DefaultSecurityFilterChain [main] Will secure any request with [org.springframework.security.web.session.DisableEncodeUrlFilter@295f5dd5, org.springframework.security.web.context.request.async.WebAsyncManagerIntegrationFilter@43d5031b, org.springframework.security.web.context.SecurityContextHolderFilter@2417413c, org.springframework.security.web.header.HeaderWriterFilter@4f0ea6f8, org.springframework.web.filter.CorsFilter@5af57b73, org.springframework.security.web.authentication.logout.LogoutFilter@34b846a1, com.fuelstation.Security.AuthTokenFilter@67726dd1, org.springframework.security.web.savedrequest.RequestCacheAwareFilter@511d31a6, org.springframework.security.web.servletapi.SecurityContextHolderAwareRequestFilter@476bdad6, org.springframework.security.web.authentication.AnonymousAuthenticationFilter@30004eeb, org.springframework.security.web.session.SessionManagementFilter@1172d47, org.springframework.security.web.access.ExceptionTranslationFilter@2e652f4e, org.springframework.security.web.access.intercept.AuthorizationFilter@78276d6d]
2026-07-16 20:32:12,788 INFO o.a.j.l.DirectJDKLog [main] Starting ProtocolHandler ["http-nio-8080"]
2026-07-16 20:32:12,820 INFO o.s.b.w.e.t.TomcatWebServer [main] Tomcat started on port 8080 (http) with context path '/'
2026-07-16 20:32:12,845 INFO o.s.b.StartupInfoLogger [main] Started FuelstationBackendApplication in 12.695 seconds (process running for 13.385)
2026-07-16 20:34:19,571 INFO o.a.j.l.DirectJDKLog [http-nio-8080-exec-1] Initializing Spring DispatcherServlet 'dispatcherServlet'
2026-07-16 20:34:19,575 INFO o.s.w.s.FrameworkServlet [http-nio-8080-exec-1] Initializing Servlet 'dispatcherServlet'
2026-07-16 20:34:19,580 INFO o.s.w.s.FrameworkServlet [http-nio-8080-exec-1] Completed initialization in 4 ms
2026-07-16 20:34:21,929 ERROR c.f.E.GlobalExceptionHandler [http-nio-8080-exec-1] Unhandled Exception caught globally: 
org.springframework.security.authentication.LockedException: User account is locked
	at org.springframework.security.authentication.dao.AbstractUserDetailsAuthenticationProvider$DefaultPreAuthenticationChecks.check(AbstractUserDetailsAuthenticationProvider.java:325)
	at org.springframework.security.authentication.dao.AbstractUserDetailsAuthenticationProvider.authenticate(AbstractUserDetailsAuthenticationProvider.java:146)
	at org.springframework.security.authentication.ProviderManager.authenticate(ProviderManager.java:182)
	at com.fuelstation.Controller.AuthController.authenticateUser(AuthController.java:34)
	at java.base/jdk.internal.reflect.DirectMethodHandleAccessor.invoke(DirectMethodHandleAccessor.java:103)
	at java.base/java.lang.reflect.Method.invoke(Method.java:580)
	at org.springframework.web.method.support.InvocableHandlerMethod.doInvoke(InvocableHandlerMethod.java:255)
	at org.springframework.web.method.support.InvocableHandlerMethod.invokeForRequest(InvocableHandlerMethod.java:188)
	at org.springframework.web.servlet.mvc.method.annotation.ServletInvocableHandlerMethod.invokeAndHandle(ServletInvocableHandlerMethod.java:118)
	at org.springframework.web.servlet.mvc.method.annotation.RequestMappingHandlerAdapter.invokeHandlerMethod(RequestMappingHandlerAdapter.java:926)
	at org.springframework.web.servlet.mvc.method.annotation.RequestMappingHandlerAdapter.handleInternal(RequestMappingHandlerAdapter.java:831)
	at org.springframework.web.servlet.mvc.method.AbstractHandlerMethodAdapter.handle(AbstractHandlerMethodAdapter.java:87)
	at org.springframework.web.servlet.DispatcherServlet.doDispatch(DispatcherServlet.java:1089)
	at org.springframework.web.servlet.DispatcherServlet.doService(DispatcherServlet.java:979)
	at org.springframework.web.servlet.FrameworkServlet.processRequest(FrameworkServlet.java:1014)
	at org.springframework.web.servlet.FrameworkServlet.doPost(FrameworkServlet.java:914)
	at jakarta.servlet.http.HttpServlet.service(HttpServlet.java:590)
	at org.springframework.web.servlet.FrameworkServlet.service(FrameworkServlet.java:885)
	at jakarta.servlet.http.HttpServlet.service(HttpServlet.java:658)
	at org.apache.catalina.core.ApplicationFilterChain.internalDoFilter(ApplicationFilterChain.java:195)
	at org.apache.catalina.core.ApplicationFilterChain.doFilter(ApplicationFilterChain.java:140)
	at org.apache.tomcat.websocket.server.WsFilter.doFilter(WsFilter.java:51)
	at org.apache.catalina.core.ApplicationFilterChain.internalDoFilter(ApplicationFilterChain.java:164)
	at org.apache.catalina.core.ApplicationFilterChain.doFilter(ApplicationFilterChain.java:140)
	at org.springframework.web.filter.OncePerRequestFilter.doFilter(OncePerRequestFilter.java:110)
	at org.apache.catalina.core.ApplicationFilterChain.internalDoFilter(ApplicationFilterChain.java:164)
	at org.apache.catalina.core.ApplicationFilterChain.doFilter(ApplicationFilterChain.java:140)
	at org.springframework.web.filter.CompositeFilter$VirtualFilterChain.doFilter(CompositeFilter.java:108)
	at org.springframework.security.web.FilterChainProxy.lambda$doFilterInternal$3(FilterChainProxy.java:231)
	at org.springframework.security.web.ObservationFilterChainDecorator$FilterObservation$SimpleFilterObservation.lambda$wrap$1(ObservationFilterChainDecorator.java:479)
	at org.springframework.security.web.ObservationFilterChainDecorator$AroundFilterObservation$SimpleAroundFilterObservation.lambda$wrap$1(ObservationFilterChainDecorator.java:340)
	at org.springframework.security.web.ObservationFilterChainDecorator.lambda$wrapSecured$0(ObservationFilterChainDecorator.java:82)
	at org.springframework.security.web.ObservationFilterChainDecorator$VirtualFilterChain.doFilter(ObservationFilterChainDecorator.java:128)
	at org.springframework.security.web.access.intercept.AuthorizationFilter.doFilter(AuthorizationFilter.java:100)
	at org.springframework.security.web.ObservationFilterChainDecorator$ObservationFilter.wrapFilter(ObservationFilterChainDecorator.java:240)
	at org.springframework.security.web.ObservationFilterChainDecorator$ObservationFilter.doFilter(ObservationFilterChainDecorator.java:227)
	at org.springframework.security.web.ObservationFilterChainDecorator$VirtualFilterChain.doFilter(ObservationFilterChainDecorator.java:137)
	at org.springframework.security.web.access.ExceptionTranslationFilter.doFilter(ExceptionTranslationFilter.java:126)
	at org.springframework.security.web.access.ExceptionTranslationFilter.doFilter(ExceptionTranslationFilter.java:120)
	at org.springframework.security.web.ObservationFilterChainDecorator$ObservationFilter.wrapFilter(ObservationFilterChainDecorator.java:240)
	at org.springframework.security.web.ObservationFilterChainDecorator$ObservationFilter.doFilter(ObservationFilterChainDecorator.java:227)
	at org.springframework.security.web.ObservationFilterChainDecorator$VirtualFilterChain.doFilter(ObservationFilterChainDecorator.java:137)
	at org.springframework.security.web.session.SessionManagementFilter.doFilter(SessionManagementFilter.java:131)
	at org.springframework.security.web.session.SessionManagementFilter.doFilter(SessionManagementFilter.java:85)
	at org.springframework.security.web.ObservationFilterChainDecorator$ObservationFilter.wrapFilter(ObservationFilterChainDecorator.java:240)
	at org.springframework.security.web.ObservationFilterChainDecorator$ObservationFilter.doFilter(ObservationFilterChainDecorator.java:227)
	at org.springframework.security.web.ObservationFilterChainDecorator$VirtualFilterChain.doFilter(ObservationFilterChainDecorator.java:137)
	at org.springframework.security.web.authentication.AnonymousAuthenticationFilter.doFilter(AnonymousAuthenticationFilter.java:100)
	at org.springframework.security.web.ObservationFilterChainDecorator$ObservationFilter.wrapFilter(ObservationFilterChainDecorator.java:240)
	at org.springframework.security.web.ObservationFilterChainDecorator$ObservationFilter.doFilter(ObservationFilterChainDecorator.java:227)
	at org.springframework.security.web.ObservationFilterChainDecorator$VirtualFilterChain.doFilter(ObservationFilterChainDecorator.java:137)
	at org.springframework.security.web.servletapi.SecurityContextHolderAwareRequestFilter.doFilter(SecurityContextHolderAwareRequestFilter.java:179)
	at org.springframework.security.web.ObservationFilterChainDecorator$ObservationFilter.wrapFilter(ObservationFilterChainDecorator.java:240)
	at org.springframework.security.web.ObservationFilterChainDecorator$ObservationFilter.doFilter(ObservationFilterChainDecorator.java:227)
	at org.springframework.security.web.ObservationFilterChainDecorator$VirtualFilterChain.doFilter(ObservationFilterChainDecorator.java:137)
	at org.springframework.security.web.savedrequest.RequestCacheAwareFilter.doFilter(RequestCacheAwareFilter.java:63)
	at org.springframework.security.web.ObservationFilterChainDecorator$ObservationFilter.wrapFilter(ObservationFilterChainDecorator.java:240)
	at org.springframework.security.web.ObservationFilterChainDecorator$ObservationFilter.doFilter(ObservationFilterChainDecorator.java:227)
	at org.springframework.security.web.ObservationFilterChainDecorator$VirtualFilterChain.doFilter(ObservationFilterChainDecorator.java:137)
	at com.fuelstation.Security.AuthTokenFilter.doFilterInternal(AuthTokenFilter.java:49)
	at org.springframework.web.filter.OncePerRequestFilter.doFilter(OncePerRequestFilter.java:116)
	at org.springframework.security.web.ObservationFilterChainDecorator$ObservationFilter.wrapFilter(ObservationFilterChainDecorator.java:240)
	at org.springframework.security.web.ObservationFilterChainDecorator$ObservationFilter.doFilter(ObservationFilterChainDecorator.java:227)
	at org.springframework.security.web.ObservationFilterChainDecorator$VirtualFilterChain.doFilter(ObservationFilterChainDecorator.java:137)
	at org.springframework.security.web.authentication.logout.LogoutFilter.doFilter(LogoutFilter.java:107)
	at org.springframework.security.web.authentication.logout.LogoutFilter.doFilter(LogoutFilter.java:93)
	at org.springframework.security.web.ObservationFilterChainDecorator$ObservationFilter.wrapFilter(ObservationFilterChainDecorator.java:240)
	at org.springframework.security.web.ObservationFilterChainDecorator$ObservationFilter.doFilter(ObservationFilterChainDecorator.java:227)
	at org.springframework.security.web.ObservationFilterChainDecorator$VirtualFilterChain.doFilter(ObservationFilterChainDecorator.java:137)
	at org.springframework.web.filter.CorsFilter.doFilterInternal(CorsFilter.java:91)
	at org.springframework.web.filter.OncePerRequestFilter.doFilter(OncePerRequestFilter.java:116)
	at org.springframework.security.web.ObservationFilterChainDecorator$ObservationFilter.wrapFilter(ObservationFilterChainDecorator.java:240)
	at org.springframework.security.web.ObservationFilterChainDecorator$ObservationFilter.doFilter(ObservationFilterChainDecorator.java:227)
	at org.springframework.security.web.ObservationFilterChainDecorator$VirtualFilterChain.doFilter(ObservationFilterChainDecorator.java:137)
	at org.springframework.security.web.header.HeaderWriterFilter.doHeadersAfter(HeaderWriterFilter.java:90)
	at org.springframework.security.web.header.HeaderWriterFilter.doFilterInternal(HeaderWriterFilter.java:75)
	at org.springframework.web.filter.OncePerRequestFilter.doFilter(OncePerRequestFilter.java:116)
	at org.springframework.security.web.ObservationFilterChainDecorator$ObservationFilter.wrapFilter(ObservationFilterChainDecorator.java:240)
	at org.springframework.security.web.ObservationFilterChainDecorator$ObservationFilter.doFilter(ObservationFilterChainDecorator.java:227)
	at org.springframework.security.web.ObservationFilterChainDecorator$VirtualFilterChain.doFilter(ObservationFilterChainDecorator.java:137)
	at org.springframework.security.web.context.SecurityContextHolderFilter.doFilter(SecurityContextHolderFilter.java:82)
	at org.springframework.security.web.context.SecurityContextHolderFilter.doFilter(SecurityContextHolderFilter.java:69)
	at org.springframework.security.web.ObservationFilterChainDecorator$ObservationFilter.wrapFilter(ObservationFilterChainDecorator.java:240)
	at org.springframework.security.web.ObservationFilterChainDecorator$ObservationFilter.doFilter(ObservationFilterChainDecorator.java:227)
	at org.springframework.security.web.ObservationFilterChainDecorator$VirtualFilterChain.doFilter(ObservationFilterChainDecorator.java:137)
	at org.springframework.security.web.context.request.async.WebAsyncManagerIntegrationFilter.doFilterInternal(WebAsyncManagerIntegrationFilter.java:62)
	at org.springframework.web.filter.OncePerRequestFilter.doFilter(OncePerRequestFilter.java:116)
	at org.springframework.security.web.ObservationFilterChainDecorator$ObservationFilter.wrapFilter(ObservationFilterChainDecorator.java:240)
	at org.springframework.security.web.ObservationFilterChainDecorator$ObservationFilter.doFilter(ObservationFilterChainDecorator.java:227)
	at org.springframework.security.web.ObservationFilterChainDecorator$VirtualFilterChain.doFilter(ObservationFilterChainDecorator.java:137)
	at org.springframework.security.web.session.DisableEncodeUrlFilter.doFilterInternal(DisableEncodeUrlFilter.java:42)
	at org.springframework.web.filter.OncePerRequestFilter.doFilter(OncePerRequestFilter.java:116)
	at org.springframework.security.web.ObservationFilterChainDecorator$ObservationFilter.wrapFilter(ObservationFilterChainDecorator.java:240)
	at org.springframework.security.web.ObservationFilterChainDecorator$AroundFilterObservation$SimpleAroundFilterObservation.lambda$wrap$0(ObservationFilterChainDecorator.java:323)
	at org.springframework.security.web.ObservationFilterChainDecorator$ObservationFilter.doFilter(ObservationFilterChainDecorator.java:224)
	at org.springframework.security.web.ObservationFilterChainDecorator$VirtualFilterChain.doFilter(ObservationFilterChainDecorator.java:137)
	at org.springframework.security.web.FilterChainProxy.doFilterInternal(FilterChainProxy.java:233)
	at org.springframework.security.web.FilterChainProxy.doFilter(FilterChainProxy.java:191)
	at org.springframework.web.filter.CompositeFilter$VirtualFilterChain.doFilter(CompositeFilter.java:113)
	at org.springframework.web.servlet.handler.HandlerMappingIntrospector.lambda$createCacheFilter$3(HandlerMappingIntrospector.java:195)
	at org.springframework.web.filter.CompositeFilter$VirtualFilterChain.doFilter(CompositeFilter.java:113)
	at org.springframework.web.filter.CompositeFilter.doFilter(CompositeFilter.java:74)
	at org.springframework.security.config.annotation.web.configuration.WebMvcSecurityConfiguration$CompositeFilterChainProxy.doFilter(WebMvcSecurityConfiguration.java:230)
	at org.springframework.web.filter.DelegatingFilterProxy.invokeDelegate(DelegatingFilterProxy.java:352)
	at org.springframework.web.filter.DelegatingFilterProxy.doFilter(DelegatingFilterProxy.java:268)
	at org.apache.catalina.core.ApplicationFilterChain.internalDoFilter(ApplicationFilterChain.java:164)
	at org.apache.catalina.core.ApplicationFilterChain.doFilter(ApplicationFilterChain.java:140)
	at org.springframework.web.filter.RequestContextFilter.doFilterInternal(RequestContextFilter.java:100)
	at org.springframework.web.filter.OncePerRequestFilter.doFilter(OncePerRequestFilter.java:116)
	at org.apache.catalina.core.ApplicationFilterChain.internalDoFilter(ApplicationFilterChain.java:164)
	at org.apache.catalina.core.ApplicationFilterChain.doFilter(ApplicationFilterChain.java:140)
	at org.springframework.web.filter.FormContentFilter.doFilterInternal(FormContentFilter.java:93)
	at org.springframework.web.filter.OncePerRequestFilter.doFilter(OncePerRequestFilter.java:116)
	at org.apache.catalina.core.ApplicationFilterChain.internalDoFilter(ApplicationFilterChain.java:164)
	at org.apache.catalina.core.ApplicationFilterChain.doFilter(ApplicationFilterChain.java:140)
	at org.springframework.web.filter.ServerHttpObservationFilter.doFilterInternal(ServerHttpObservationFilter.java:109)
	at org.springframework.web.filter.OncePerRequestFilter.doFilter(OncePerRequestFilter.java:116)
	at org.apache.catalina.core.ApplicationFilterChain.internalDoFilter(ApplicationFilterChain.java:164)
	at org.apache.catalina.core.ApplicationFilterChain.doFilter(ApplicationFilterChain.java:140)
	at org.springframework.web.filter.CharacterEncodingFilter.doFilterInternal(CharacterEncodingFilter.java:201)
	at org.springframework.web.filter.OncePerRequestFilter.doFilter(OncePerRequestFilter.java:116)
	at org.apache.catalina.core.ApplicationFilterChain.internalDoFilter(ApplicationFilterChain.java:164)
	at org.apache.catalina.core.ApplicationFilterChain.doFilter(ApplicationFilterChain.java:140)
	at org.apache.catalina.core.StandardWrapperValve.invoke(StandardWrapperValve.java:167)
	at org.apache.catalina.core.StandardContextValve.invoke(StandardContextValve.java:90)
	at org.apache.catalina.authenticator.AuthenticatorBase.invoke(AuthenticatorBase.java:482)
	at org.apache.catalina.core.StandardHostValve.invoke(StandardHostValve.java:115)
	at org.apache.catalina.valves.ErrorReportValve.invoke(ErrorReportValve.java:93)
	at org.apache.catalina.core.StandardEngineValve.invoke(StandardEngineValve.java:74)
	at org.apache.catalina.connector.CoyoteAdapter.service(CoyoteAdapter.java:344)
	at org.apache.coyote.http11.Http11Processor.service(Http11Processor.java:389)
	at org.apache.coyote.AbstractProcessorLight.process(AbstractProcessorLight.java:63)
	at org.apache.coyote.AbstractProtocol$ConnectionHandler.process(AbstractProtocol.java:896)
	at org.apache.tomcat.util.net.NioEndpoint$SocketProcessor.doRun(NioEndpoint.java:1741)
	at org.apache.tomcat.util.net.SocketProcessorBase.run(SocketProcessorBase.java:52)
	at org.apache.tomcat.util.threads.ThreadPoolExecutor.runWorker(ThreadPoolExecutor.java:1190)
	at org.apache.tomcat.util.threads.ThreadPoolExecutor$Worker.run(ThreadPoolExecutor.java:659)
	at org.apache.tomcat.util.threads.TaskThread$WrappingRunnable.run(TaskThread.java:63)
	at java.base/java.lang.Thread.run(Thread.java:1583)
2026-07-16 20:48:23,288 INFO o.s.o.j.AbstractEntityManagerFactoryBean [SpringApplicationShutdownHook] Closing JPA EntityManagerFactory for persistence unit 'default'
2026-07-16 20:48:23,341 INFO c.z.h.HikariDataSource [SpringApplicationShutdownHook] HikariPool-1 - Shutdown initiated...
2026-07-16 20:48:23,374 INFO c.z.h.HikariDataSource [SpringApplicationShutdownHook] HikariPool-1 - Shutdown completed.
2026-07-16 20:48:51,813 INFO o.h.v.i.u.Version [background-preinit] HV000001: Hibernate Validator 8.0.1.Final
2026-07-16 20:48:51,888 INFO o.s.b.StartupInfoLogger [main] Starting FuelstationBackendApplication using Java 21.0.8 with PID 22672 (C:\Users\Hp\OneDrive\Smart-Fuel-Station-Management-System\backend\target\classes started by Hp in C:\Users\Hp\OneDrive\Smart-Fuel-Station-Management-System\backend)
2026-07-16 20:48:51,890 DEBUG o.s.b.StartupInfoLogger [main] Running with Spring Boot v3.3.0, Spring v6.1.8
2026-07-16 20:48:51,890 INFO o.s.b.SpringApplication [main] No active profile set, falling back to 1 default profile: "default"
2026-07-16 20:48:52,661 INFO o.s.d.r.c.RepositoryConfigurationDelegate [main] Bootstrapping Spring Data JPA repositories in DEFAULT mode.
2026-07-16 20:48:52,827 INFO o.s.d.r.c.RepositoryConfigurationDelegate [main] Finished Spring Data repository scanning in 159 ms. Found 10 JPA repository interfaces.
2026-07-16 20:48:54,059 INFO o.s.b.w.e.t.TomcatWebServer [main] Tomcat initialized with port 8080 (http)
2026-07-16 20:48:54,070 INFO o.a.j.l.DirectJDKLog [main] Initializing ProtocolHandler ["http-nio-8080"]
2026-07-16 20:48:54,073 INFO o.a.j.l.DirectJDKLog [main] Starting service [Tomcat]
2026-07-16 20:48:54,075 INFO o.a.j.l.DirectJDKLog [main] Starting Servlet engine: [Apache Tomcat/10.1.24]
2026-07-16 20:48:54,163 INFO o.a.j.l.DirectJDKLog [main] Initializing Spring embedded WebApplicationContext
2026-07-16 20:48:54,164 INFO o.s.b.w.s.c.ServletWebServerApplicationContext [main] Root WebApplicationContext: initialization completed in 2189 ms
2026-07-16 20:48:54,545 INFO o.h.j.i.u.LogHelper [main] HHH000204: Processing PersistenceUnitInfo [name: default]
2026-07-16 20:48:54,638 INFO o.h.Version [main] HHH000412: Hibernate ORM core version 6.5.2.Final
2026-07-16 20:48:54,684 INFO o.h.c.i.RegionFactoryInitiator [main] HHH000026: Second-level cache disabled
2026-07-16 20:48:55,048 INFO o.s.o.j.p.SpringPersistenceUnitInfo [main] No LoadTimeWeaver setup: ignoring JPA class transformer
2026-07-16 20:48:55,080 INFO c.z.h.HikariDataSource [main] HikariPool-1 - Starting...
2026-07-16 20:48:55,414 INFO c.z.h.p.HikariPool [main] HikariPool-1 - Added connection com.mysql.cj.jdbc.ConnectionImpl@38af386e
2026-07-16 20:48:55,417 INFO c.z.h.HikariDataSource [main] HikariPool-1 - Start completed.
2026-07-16 20:48:56,806 INFO o.h.e.t.j.p.i.JtaPlatformInitiator [main] HHH000489: No JTA platform available (set 'hibernate.transaction.jta.platform' to enable JTA platform integration)
2026-07-16 20:48:57,116 INFO o.s.o.j.AbstractEntityManagerFactoryBean [main] Initialized JPA EntityManagerFactory for persistence unit 'default'
2026-07-16 20:48:57,521 DEBUG o.s.w.f.GenericFilterBean [main] Filter 'authenticationJwtTokenFilter' configured for use
2026-07-16 20:48:57,578 INFO o.s.d.j.r.q.QueryEnhancerFactory [main] Hibernate is in classpath; If applicable, HQL parser will be used.
2026-07-16 20:48:58,562 INFO o.s.s.c.a.a.c.InitializeAuthenticationProviderBeanManagerConfigurer$InitializeAuthenticationProviderManagerConfigurer [main] Global AuthenticationManager configured with AuthenticationProvider bean with name authenticationProvider
2026-07-16 20:48:58,563 WARN o.s.s.c.a.a.c.InitializeUserDetailsBeanManagerConfigurer$InitializeUserDetailsManagerConfigurer [main] Global AuthenticationManager configured with an AuthenticationProvider bean. UserDetailsService beans will not be used for username/password login. Consider removing the AuthenticationProvider bean. Alternatively, consider using the UserDetailsService in a manually instantiated DaoAuthenticationProvider.
2026-07-16 20:48:58,733 WARN o.s.b.a.o.j.JpaBaseConfiguration$JpaWebConfiguration [main] spring.jpa.open-in-view is enabled by default. Therefore, database queries may be performed during view rendering. Explicitly configure spring.jpa.open-in-view to disable this warning
2026-07-16 20:48:59,183 INFO o.s.b.a.e.w.EndpointLinksResolver [main] Exposing 2 endpoints beneath base path '/actuator'
2026-07-16 20:48:59,264 INFO o.s.s.w.DefaultSecurityFilterChain [main] Will secure any request with [org.springframework.security.web.session.DisableEncodeUrlFilter@12223aed, org.springframework.security.web.context.request.async.WebAsyncManagerIntegrationFilter@74a8d26c, org.springframework.security.web.context.SecurityContextHolderFilter@7fece723, org.springframework.security.web.header.HeaderWriterFilter@4d548ae7, org.springframework.web.filter.CorsFilter@7d1647d5, org.springframework.security.web.authentication.logout.LogoutFilter@511d31a6, com.fuelstation.Security.AuthTokenFilter@2252dc5d, org.springframework.security.web.savedrequest.RequestCacheAwareFilter@3c81f484, org.springframework.security.web.servletapi.SecurityContextHolderAwareRequestFilter@2de08488, org.springframework.security.web.authentication.AnonymousAuthenticationFilter@1517015c, org.springframework.security.web.session.SessionManagementFilter@eef9471, org.springframework.security.web.access.ExceptionTranslationFilter@3f570944, org.springframework.security.web.access.intercept.AuthorizationFilter@7d99846f]
2026-07-16 20:48:59,813 INFO o.a.j.l.DirectJDKLog [main] Starting ProtocolHandler ["http-nio-8080"]
2026-07-16 20:48:59,832 INFO o.s.b.w.e.t.TomcatWebServer [main] Tomcat started on port 8080 (http) with context path '/'
2026-07-16 20:48:59,850 INFO o.s.b.StartupInfoLogger [main] Started FuelstationBackendApplication in 8.545 seconds (process running for 8.919)
2026-07-16 20:50:31,198 INFO o.a.j.l.DirectJDKLog [http-nio-8080-exec-1] Initializing Spring DispatcherServlet 'dispatcherServlet'
2026-07-16 20:50:31,207 INFO o.s.w.s.FrameworkServlet [http-nio-8080-exec-1] Initializing Servlet 'dispatcherServlet'
2026-07-16 20:50:31,218 INFO o.s.w.s.FrameworkServlet [http-nio-8080-exec-1] Completed initialization in 8 ms
2026-07-16 20:50:33,107 ERROR c.f.E.GlobalExceptionHandler [http-nio-8080-exec-1] Unhandled Exception caught globally: 
org.springframework.security.authentication.LockedException: User account is locked
	at org.springframework.security.authentication.dao.AbstractUserDetailsAuthenticationProvider$DefaultPreAuthenticationChecks.check(AbstractUserDetailsAuthenticationProvider.java:325)
	at org.springframework.security.authentication.dao.AbstractUserDetailsAuthenticationProvider.authenticate(AbstractUserDetailsAuthenticationProvider.java:146)
	at org.springframework.security.authentication.ProviderManager.authenticate(ProviderManager.java:182)
	at com.fuelstation.Controller.AuthController.authenticateUser(AuthController.java:34)
	at java.base/jdk.internal.reflect.DirectMethodHandleAccessor.invoke(DirectMethodHandleAccessor.java:103)
	at java.base/java.lang.reflect.Method.invoke(Method.java:580)
	at org.springframework.web.method.support.InvocableHandlerMethod.doInvoke(InvocableHandlerMethod.java:255)
	at org.springframework.web.method.support.InvocableHandlerMethod.invokeForRequest(InvocableHandlerMethod.java:188)
	at org.springframework.web.servlet.mvc.method.annotation.ServletInvocableHandlerMethod.invokeAndHandle(ServletInvocableHandlerMethod.java:118)
	at org.springframework.web.servlet.mvc.method.annotation.RequestMappingHandlerAdapter.invokeHandlerMethod(RequestMappingHandlerAdapter.java:926)
	at org.springframework.web.servlet.mvc.method.annotation.RequestMappingHandlerAdapter.handleInternal(RequestMappingHandlerAdapter.java:831)
	at org.springframework.web.servlet.mvc.method.AbstractHandlerMethodAdapter.handle(AbstractHandlerMethodAdapter.java:87)
	at org.springframework.web.servlet.DispatcherServlet.doDispatch(DispatcherServlet.java:1089)
	at org.springframework.web.servlet.DispatcherServlet.doService(DispatcherServlet.java:979)
	at org.springframework.web.servlet.FrameworkServlet.processRequest(FrameworkServlet.java:1014)
	at org.springframework.web.servlet.FrameworkServlet.doPost(FrameworkServlet.java:914)
	at jakarta.servlet.http.HttpServlet.service(HttpServlet.java:590)
	at org.springframework.web.servlet.FrameworkServlet.service(FrameworkServlet.java:885)
	at jakarta.servlet.http.HttpServlet.service(HttpServlet.java:658)
	at org.apache.catalina.core.ApplicationFilterChain.internalDoFilter(ApplicationFilterChain.java:195)
	at org.apache.catalina.core.ApplicationFilterChain.doFilter(ApplicationFilterChain.java:140)
	at org.apache.tomcat.websocket.server.WsFilter.doFilter(WsFilter.java:51)
	at org.apache.catalina.core.ApplicationFilterChain.internalDoFilter(ApplicationFilterChain.java:164)
	at org.apache.catalina.core.ApplicationFilterChain.doFilter(ApplicationFilterChain.java:140)
	at org.springframework.web.filter.OncePerRequestFilter.doFilter(OncePerRequestFilter.java:110)
	at org.apache.catalina.core.ApplicationFilterChain.internalDoFilter(ApplicationFilterChain.java:164)
	at org.apache.catalina.core.ApplicationFilterChain.doFilter(ApplicationFilterChain.java:140)
	at org.springframework.web.filter.CompositeFilter$VirtualFilterChain.doFilter(CompositeFilter.java:108)
	at org.springframework.security.web.FilterChainProxy.lambda$doFilterInternal$3(FilterChainProxy.java:231)
	at org.springframework.security.web.ObservationFilterChainDecorator$FilterObservation$SimpleFilterObservation.lambda$wrap$1(ObservationFilterChainDecorator.java:479)
	at org.springframework.security.web.ObservationFilterChainDecorator$AroundFilterObservation$SimpleAroundFilterObservation.lambda$wrap$1(ObservationFilterChainDecorator.java:340)
	at org.springframework.security.web.ObservationFilterChainDecorator.lambda$wrapSecured$0(ObservationFilterChainDecorator.java:82)
	at org.springframework.security.web.ObservationFilterChainDecorator$VirtualFilterChain.doFilter(ObservationFilterChainDecorator.java:128)
	at org.springframework.security.web.access.intercept.AuthorizationFilter.doFilter(AuthorizationFilter.java:100)
	at org.springframework.security.web.ObservationFilterChainDecorator$ObservationFilter.wrapFilter(ObservationFilterChainDecorator.java:240)
	at org.springframework.security.web.ObservationFilterChainDecorator$ObservationFilter.doFilter(ObservationFilterChainDecorator.java:227)
	at org.springframework.security.web.ObservationFilterChainDecorator$VirtualFilterChain.doFilter(ObservationFilterChainDecorator.java:137)
	at org.springframework.security.web.access.ExceptionTranslationFilter.doFilter(ExceptionTranslationFilter.java:126)
	at org.springframework.security.web.access.ExceptionTranslationFilter.doFilter(ExceptionTranslationFilter.java:120)
	at org.springframework.security.web.ObservationFilterChainDecorator$ObservationFilter.wrapFilter(ObservationFilterChainDecorator.java:240)
	at org.springframework.security.web.ObservationFilterChainDecorator$ObservationFilter.doFilter(ObservationFilterChainDecorator.java:227)
	at org.springframework.security.web.ObservationFilterChainDecorator$VirtualFilterChain.doFilter(ObservationFilterChainDecorator.java:137)
	at org.springframework.security.web.session.SessionManagementFilter.doFilter(SessionManagementFilter.java:131)
	at org.springframework.security.web.session.SessionManagementFilter.doFilter(SessionManagementFilter.java:85)
	at org.springframework.security.web.ObservationFilterChainDecorator$ObservationFilter.wrapFilter(ObservationFilterChainDecorator.java:240)
	at org.springframework.security.web.ObservationFilterChainDecorator$ObservationFilter.doFilter(ObservationFilterChainDecorator.java:227)
	at org.springframework.security.web.ObservationFilterChainDecorator$VirtualFilterChain.doFilter(ObservationFilterChainDecorator.java:137)
	at org.springframework.security.web.authentication.AnonymousAuthenticationFilter.doFilter(AnonymousAuthenticationFilter.java:100)
	at org.springframework.security.web.ObservationFilterChainDecorator$ObservationFilter.wrapFilter(ObservationFilterChainDecorator.java:240)
	at org.springframework.security.web.ObservationFilterChainDecorator$ObservationFilter.doFilter(ObservationFilterChainDecorator.java:227)
	at org.springframework.security.web.ObservationFilterChainDecorator$VirtualFilterChain.doFilter(ObservationFilterChainDecorator.java:137)
	at org.springframework.security.web.servletapi.SecurityContextHolderAwareRequestFilter.doFilter(SecurityContextHolderAwareRequestFilter.java:179)
	at org.springframework.security.web.ObservationFilterChainDecorator$ObservationFilter.wrapFilter(ObservationFilterChainDecorator.java:240)
	at org.springframework.security.web.ObservationFilterChainDecorator$ObservationFilter.doFilter(ObservationFilterChainDecorator.java:227)
	at org.springframework.security.web.ObservationFilterChainDecorator$VirtualFilterChain.doFilter(ObservationFilterChainDecorator.java:137)
	at org.springframework.security.web.savedrequest.RequestCacheAwareFilter.doFilter(RequestCacheAwareFilter.java:63)
	at org.springframework.security.web.ObservationFilterChainDecorator$ObservationFilter.wrapFilter(ObservationFilterChainDecorator.java:240)
	at org.springframework.security.web.ObservationFilterChainDecorator$ObservationFilter.doFilter(ObservationFilterChainDecorator.java:227)
	at org.springframework.security.web.ObservationFilterChainDecorator$VirtualFilterChain.doFilter(ObservationFilterChainDecorator.java:137)
	at com.fuelstation.Security.AuthTokenFilter.doFilterInternal(AuthTokenFilter.java:50)
	at org.springframework.web.filter.OncePerRequestFilter.doFilter(OncePerRequestFilter.java:116)
	at org.springframework.security.web.ObservationFilterChainDecorator$ObservationFilter.wrapFilter(ObservationFilterChainDecorator.java:240)
	at org.springframework.security.web.ObservationFilterChainDecorator$ObservationFilter.doFilter(ObservationFilterChainDecorator.java:227)
	at org.springframework.security.web.ObservationFilterChainDecorator$VirtualFilterChain.doFilter(ObservationFilterChainDecorator.java:137)
	at org.springframework.security.web.authentication.logout.LogoutFilter.doFilter(LogoutFilter.java:107)
	at org.springframework.security.web.authentication.logout.LogoutFilter.doFilter(LogoutFilter.java:93)
	at org.springframework.security.web.ObservationFilterChainDecorator$ObservationFilter.wrapFilter(ObservationFilterChainDecorator.java:240)
	at org.springframework.security.web.ObservationFilterChainDecorator$ObservationFilter.doFilter(ObservationFilterChainDecorator.java:227)
	at org.springframework.security.web.ObservationFilterChainDecorator$VirtualFilterChain.doFilter(ObservationFilterChainDecorator.java:137)
	at org.springframework.web.filter.CorsFilter.doFilterInternal(CorsFilter.java:91)
	at org.springframework.web.filter.OncePerRequestFilter.doFilter(OncePerRequestFilter.java:116)
	at org.springframework.security.web.ObservationFilterChainDecorator$ObservationFilter.wrapFilter(ObservationFilterChainDecorator.java:240)
	at org.springframework.security.web.ObservationFilterChainDecorator$ObservationFilter.doFilter(ObservationFilterChainDecorator.java:227)
	at org.springframework.security.web.ObservationFilterChainDecorator$VirtualFilterChain.doFilter(ObservationFilterChainDecorator.java:137)
	at org.springframework.security.web.header.HeaderWriterFilter.doHeadersAfter(HeaderWriterFilter.java:90)
	at org.springframework.security.web.header.HeaderWriterFilter.doFilterInternal(HeaderWriterFilter.java:75)
	at org.springframework.web.filter.OncePerRequestFilter.doFilter(OncePerRequestFilter.java:116)
	at org.springframework.security.web.ObservationFilterChainDecorator$ObservationFilter.wrapFilter(ObservationFilterChainDecorator.java:240)
	at org.springframework.security.web.ObservationFilterChainDecorator$ObservationFilter.doFilter(ObservationFilterChainDecorator.java:227)
	at org.springframework.security.web.ObservationFilterChainDecorator$VirtualFilterChain.doFilter(ObservationFilterChainDecorator.java:137)
	at org.springframework.security.web.context.SecurityContextHolderFilter.doFilter(SecurityContextHolderFilter.java:82)
	at org.springframework.security.web.context.SecurityContextHolderFilter.doFilter(SecurityContextHolderFilter.java:69)
	at org.springframework.security.web.ObservationFilterChainDecorator$ObservationFilter.wrapFilter(ObservationFilterChainDecorator.java:240)
	at org.springframework.security.web.ObservationFilterChainDecorator$ObservationFilter.doFilter(ObservationFilterChainDecorator.java:227)
	at org.springframework.security.web.ObservationFilterChainDecorator$VirtualFilterChain.doFilter(ObservationFilterChainDecorator.java:137)
	at org.springframework.security.web.context.request.async.WebAsyncManagerIntegrationFilter.doFilterInternal(WebAsyncManagerIntegrationFilter.java:62)
	at org.springframework.web.filter.OncePerRequestFilter.doFilter(OncePerRequestFilter.java:116)
	at org.springframework.security.web.ObservationFilterChainDecorator$ObservationFilter.wrapFilter(ObservationFilterChainDecorator.java:240)
	at org.springframework.security.web.ObservationFilterChainDecorator$ObservationFilter.doFilter(ObservationFilterChainDecorator.java:227)
	at org.springframework.security.web.ObservationFilterChainDecorator$VirtualFilterChain.doFilter(ObservationFilterChainDecorator.java:137)
	at org.springframework.security.web.session.DisableEncodeUrlFilter.doFilterInternal(DisableEncodeUrlFilter.java:42)
	at org.springframework.web.filter.OncePerRequestFilter.doFilter(OncePerRequestFilter.java:116)
	at org.springframework.security.web.ObservationFilterChainDecorator$ObservationFilter.wrapFilter(ObservationFilterChainDecorator.java:240)
	at org.springframework.security.web.ObservationFilterChainDecorator$AroundFilterObservation$SimpleAroundFilterObservation.lambda$wrap$0(ObservationFilterChainDecorator.java:323)
	at org.springframework.security.web.ObservationFilterChainDecorator$ObservationFilter.doFilter(ObservationFilterChainDecorator.java:224)
	at org.springframework.security.web.ObservationFilterChainDecorator$VirtualFilterChain.doFilter(ObservationFilterChainDecorator.java:137)
	at org.springframework.security.web.FilterChainProxy.doFilterInternal(FilterChainProxy.java:233)
	at org.springframework.security.web.FilterChainProxy.doFilter(FilterChainProxy.java:191)
	at org.springframework.web.filter.CompositeFilter$VirtualFilterChain.doFilter(CompositeFilter.java:113)
	at org.springframework.web.servlet.handler.HandlerMappingIntrospector.lambda$createCacheFilter$3(HandlerMappingIntrospector.java:195)
	at org.springframework.web.filter.CompositeFilter$VirtualFilterChain.doFilter(CompositeFilter.java:113)
	at org.springframework.web.filter.CompositeFilter.doFilter(CompositeFilter.java:74)
	at org.springframework.security.config.annotation.web.configuration.WebMvcSecurityConfiguration$CompositeFilterChainProxy.doFilter(WebMvcSecurityConfiguration.java:230)
	at org.springframework.web.filter.DelegatingFilterProxy.invokeDelegate(DelegatingFilterProxy.java:352)
	at org.springframework.web.filter.DelegatingFilterProxy.doFilter(DelegatingFilterProxy.java:268)
	at org.apache.catalina.core.ApplicationFilterChain.internalDoFilter(ApplicationFilterChain.java:164)
	at org.apache.catalina.core.ApplicationFilterChain.doFilter(ApplicationFilterChain.java:140)
	at org.springframework.web.filter.RequestContextFilter.doFilterInternal(RequestContextFilter.java:100)
	at org.springframework.web.filter.OncePerRequestFilter.doFilter(OncePerRequestFilter.java:116)
	at org.apache.catalina.core.ApplicationFilterChain.internalDoFilter(ApplicationFilterChain.java:164)
	at org.apache.catalina.core.ApplicationFilterChain.doFilter(ApplicationFilterChain.java:140)
	at org.springframework.web.filter.FormContentFilter.doFilterInternal(FormContentFilter.java:93)
	at org.springframework.web.filter.OncePerRequestFilter.doFilter(OncePerRequestFilter.java:116)
	at org.apache.catalina.core.ApplicationFilterChain.internalDoFilter(ApplicationFilterChain.java:164)
	at org.apache.catalina.core.ApplicationFilterChain.doFilter(ApplicationFilterChain.java:140)
	at org.springframework.web.filter.ServerHttpObservationFilter.doFilterInternal(ServerHttpObservationFilter.java:109)
	at org.springframework.web.filter.OncePerRequestFilter.doFilter(OncePerRequestFilter.java:116)
	at org.apache.catalina.core.ApplicationFilterChain.internalDoFilter(ApplicationFilterChain.java:164)
	at org.apache.catalina.core.ApplicationFilterChain.doFilter(ApplicationFilterChain.java:140)
	at org.springframework.web.filter.CharacterEncodingFilter.doFilterInternal(CharacterEncodingFilter.java:201)
	at org.springframework.web.filter.OncePerRequestFilter.doFilter(OncePerRequestFilter.java:116)
	at org.apache.catalina.core.ApplicationFilterChain.internalDoFilter(ApplicationFilterChain.java:164)
	at org.apache.catalina.core.ApplicationFilterChain.doFilter(ApplicationFilterChain.java:140)
	at org.apache.catalina.core.StandardWrapperValve.invoke(StandardWrapperValve.java:167)
	at org.apache.catalina.core.StandardContextValve.invoke(StandardContextValve.java:90)
	at org.apache.catalina.authenticator.AuthenticatorBase.invoke(AuthenticatorBase.java:482)
	at org.apache.catalina.core.StandardHostValve.invoke(StandardHostValve.java:115)
	at org.apache.catalina.valves.ErrorReportValve.invoke(ErrorReportValve.java:93)
	at org.apache.catalina.core.StandardEngineValve.invoke(StandardEngineValve.java:74)
	at org.apache.catalina.connector.CoyoteAdapter.service(CoyoteAdapter.java:344)
	at org.apache.coyote.http11.Http11Processor.service(Http11Processor.java:389)
	at org.apache.coyote.AbstractProcessorLight.process(AbstractProcessorLight.java:63)
	at org.apache.coyote.AbstractProtocol$ConnectionHandler.process(AbstractProtocol.java:896)
	at org.apache.tomcat.util.net.NioEndpoint$SocketProcessor.doRun(NioEndpoint.java:1741)
	at org.apache.tomcat.util.net.SocketProcessorBase.run(SocketProcessorBase.java:52)
	at org.apache.tomcat.util.threads.ThreadPoolExecutor.runWorker(ThreadPoolExecutor.java:1190)
	at org.apache.tomcat.util.threads.ThreadPoolExecutor$Worker.run(ThreadPoolExecutor.java:659)
	at org.apache.tomcat.util.threads.TaskThread$WrappingRunnable.run(TaskThread.java:63)
	at java.base/java.lang.Thread.run(Thread.java:1583)
2026-07-16 20:50:33,573 ERROR c.f.E.GlobalExceptionHandler [http-nio-8080-exec-4] Unhandled Exception caught globally: 
org.springframework.security.authentication.LockedException: User account is locked
	at org.springframework.security.authentication.dao.AbstractUserDetailsAuthenticationProvider$DefaultPreAuthenticationChecks.check(AbstractUserDetailsAuthenticationProvider.java:325)
	at org.springframework.security.authentication.dao.AbstractUserDetailsAuthenticationProvider.authenticate(AbstractUserDetailsAuthenticationProvider.java:146)
	at org.springframework.security.authentication.ProviderManager.authenticate(ProviderManager.java:182)
	at com.fuelstation.Controller.AuthController.authenticateUser(AuthController.java:34)
	at java.base/jdk.internal.reflect.DirectMethodHandleAccessor.invoke(DirectMethodHandleAccessor.java:103)
	at java.base/java.lang.reflect.Method.invoke(Method.java:580)
	at org.springframework.web.method.support.InvocableHandlerMethod.doInvoke(InvocableHandlerMethod.java:255)
	at org.springframework.web.method.support.InvocableHandlerMethod.invokeForRequest(InvocableHandlerMethod.java:188)
	at org.springframework.web.servlet.mvc.method.annotation.ServletInvocableHandlerMethod.invokeAndHandle(ServletInvocableHandlerMethod.java:118)
	at org.springframework.web.servlet.mvc.method.annotation.RequestMappingHandlerAdapter.invokeHandlerMethod(RequestMappingHandlerAdapter.java:926)
	at org.springframework.web.servlet.mvc.method.annotation.RequestMappingHandlerAdapter.handleInternal(RequestMappingHandlerAdapter.java:831)
	at org.springframework.web.servlet.mvc.method.AbstractHandlerMethodAdapter.handle(AbstractHandlerMethodAdapter.java:87)
	at org.springframework.web.servlet.DispatcherServlet.doDispatch(DispatcherServlet.java:1089)
	at org.springframework.web.servlet.DispatcherServlet.doService(DispatcherServlet.java:979)
	at org.springframework.web.servlet.FrameworkServlet.processRequest(FrameworkServlet.java:1014)
	at org.springframework.web.servlet.FrameworkServlet.doPost(FrameworkServlet.java:914)
	at jakarta.servlet.http.HttpServlet.service(HttpServlet.java:590)
	at org.springframework.web.servlet.FrameworkServlet.service(FrameworkServlet.java:885)
	at jakarta.servlet.http.HttpServlet.service(HttpServlet.java:658)
	at org.apache.catalina.core.ApplicationFilterChain.internalDoFilter(ApplicationFilterChain.java:195)
	at org.apache.catalina.core.ApplicationFilterChain.doFilter(ApplicationFilterChain.java:140)
	at org.apache.tomcat.websocket.server.WsFilter.doFilter(WsFilter.java:51)
	at org.apache.catalina.core.ApplicationFilterChain.internalDoFilter(ApplicationFilterChain.java:164)
	at org.apache.catalina.core.ApplicationFilterChain.doFilter(ApplicationFilterChain.java:140)
	at org.springframework.web.filter.OncePerRequestFilter.doFilter(OncePerRequestFilter.java:110)
	at org.apache.catalina.core.ApplicationFilterChain.internalDoFilter(ApplicationFilterChain.java:164)
	at org.apache.catalina.core.ApplicationFilterChain.doFilter(ApplicationFilterChain.java:140)
	at org.springframework.web.filter.CompositeFilter$VirtualFilterChain.doFilter(CompositeFilter.java:108)
	at org.springframework.security.web.FilterChainProxy.lambda$doFilterInternal$3(FilterChainProxy.java:231)
	at org.springframework.security.web.ObservationFilterChainDecorator$FilterObservation$SimpleFilterObservation.lambda$wrap$1(ObservationFilterChainDecorator.java:479)
	at org.springframework.security.web.ObservationFilterChainDecorator$AroundFilterObservation$SimpleAroundFilterObservation.lambda$wrap$1(ObservationFilterChainDecorator.java:340)
	at org.springframework.security.web.ObservationFilterChainDecorator.lambda$wrapSecured$0(ObservationFilterChainDecorator.java:82)
	at org.springframework.security.web.ObservationFilterChainDecorator$VirtualFilterChain.doFilter(ObservationFilterChainDecorator.java:128)
	at org.springframework.security.web.access.intercept.AuthorizationFilter.doFilter(AuthorizationFilter.java:100)
	at org.springframework.security.web.ObservationFilterChainDecorator$ObservationFilter.wrapFilter(ObservationFilterChainDecorator.java:240)
	at org.springframework.security.web.ObservationFilterChainDecorator$ObservationFilter.doFilter(ObservationFilterChainDecorator.java:227)
	at org.springframework.security.web.ObservationFilterChainDecorator$VirtualFilterChain.doFilter(ObservationFilterChainDecorator.java:137)
	at org.springframework.security.web.access.ExceptionTranslationFilter.doFilter(ExceptionTranslationFilter.java:126)
	at org.springframework.security.web.access.ExceptionTranslationFilter.doFilter(ExceptionTranslationFilter.java:120)
	at org.springframework.security.web.ObservationFilterChainDecorator$ObservationFilter.wrapFilter(ObservationFilterChainDecorator.java:240)
	at org.springframework.security.web.ObservationFilterChainDecorator$ObservationFilter.doFilter(ObservationFilterChainDecorator.java:227)
	at org.springframework.security.web.ObservationFilterChainDecorator$VirtualFilterChain.doFilter(ObservationFilterChainDecorator.java:137)
	at org.springframework.security.web.session.SessionManagementFilter.doFilter(SessionManagementFilter.java:131)
	at org.springframework.security.web.session.SessionManagementFilter.doFilter(SessionManagementFilter.java:85)
	at org.springframework.security.web.ObservationFilterChainDecorator$ObservationFilter.wrapFilter(ObservationFilterChainDecorator.java:240)
	at org.springframework.security.web.ObservationFilterChainDecorator$ObservationFilter.doFilter(ObservationFilterChainDecorator.java:227)
	at org.springframework.security.web.ObservationFilterChainDecorator$VirtualFilterChain.doFilter(ObservationFilterChainDecorator.java:137)
	at org.springframework.security.web.authentication.AnonymousAuthenticationFilter.doFilter(AnonymousAuthenticationFilter.java:100)
	at org.springframework.security.web.ObservationFilterChainDecorator$ObservationFilter.wrapFilter(ObservationFilterChainDecorator.java:240)
	at org.springframework.security.web.ObservationFilterChainDecorator$ObservationFilter.doFilter(ObservationFilterChainDecorator.java:227)
	at org.springframework.security.web.ObservationFilterChainDecorator$VirtualFilterChain.doFilter(ObservationFilterChainDecorator.java:137)
	at org.springframework.security.web.servletapi.SecurityContextHolderAwareRequestFilter.doFilter(SecurityContextHolderAwareRequestFilter.java:179)
	at org.springframework.security.web.ObservationFilterChainDecorator$ObservationFilter.wrapFilter(ObservationFilterChainDecorator.java:240)
	at org.springframework.security.web.ObservationFilterChainDecorator$ObservationFilter.doFilter(ObservationFilterChainDecorator.java:227)
	at org.springframework.security.web.ObservationFilterChainDecorator$VirtualFilterChain.doFilter(ObservationFilterChainDecorator.java:137)
	at org.springframework.security.web.savedrequest.RequestCacheAwareFilter.doFilter(RequestCacheAwareFilter.java:63)
	at org.springframework.security.web.ObservationFilterChainDecorator$ObservationFilter.wrapFilter(ObservationFilterChainDecorator.java:240)
	at org.springframework.security.web.ObservationFilterChainDecorator$ObservationFilter.doFilter(ObservationFilterChainDecorator.java:227)
	at org.springframework.security.web.ObservationFilterChainDecorator$VirtualFilterChain.doFilter(ObservationFilterChainDecorator.java:137)
	at com.fuelstation.Security.AuthTokenFilter.doFilterInternal(AuthTokenFilter.java:50)
	at org.springframework.web.filter.OncePerRequestFilter.doFilter(OncePerRequestFilter.java:116)
	at org.springframework.security.web.ObservationFilterChainDecorator$ObservationFilter.wrapFilter(ObservationFilterChainDecorator.java:240)
	at org.springframework.security.web.ObservationFilterChainDecorator$ObservationFilter.doFilter(ObservationFilterChainDecorator.java:227)
	at org.springframework.security.web.ObservationFilterChainDecorator$VirtualFilterChain.doFilter(ObservationFilterChainDecorator.java:137)
	at org.springframework.security.web.authentication.logout.LogoutFilter.doFilter(LogoutFilter.java:107)
	at org.springframework.security.web.authentication.logout.LogoutFilter.doFilter(LogoutFilter.java:93)
	at org.springframework.security.web.ObservationFilterChainDecorator$ObservationFilter.wrapFilter(ObservationFilterChainDecorator.java:240)
	at org.springframework.security.web.ObservationFilterChainDecorator$ObservationFilter.doFilter(ObservationFilterChainDecorator.java:227)
	at org.springframework.security.web.ObservationFilterChainDecorator$VirtualFilterChain.doFilter(ObservationFilterChainDecorator.java:137)
	at org.springframework.web.filter.CorsFilter.doFilterInternal(CorsFilter.java:91)
	at org.springframework.web.filter.OncePerRequestFilter.doFilter(OncePerRequestFilter.java:116)
	at org.springframework.security.web.ObservationFilterChainDecorator$ObservationFilter.wrapFilter(ObservationFilterChainDecorator.java:240)
	at org.springframework.security.web.ObservationFilterChainDecorator$ObservationFilter.doFilter(ObservationFilterChainDecorator.java:227)
	at org.springframework.security.web.ObservationFilterChainDecorator$VirtualFilterChain.doFilter(ObservationFilterChainDecorator.java:137)
	at org.springframework.security.web.header.HeaderWriterFilter.doHeadersAfter(HeaderWriterFilter.java:90)
	at org.springframework.security.web.header.HeaderWriterFilter.doFilterInternal(HeaderWriterFilter.java:75)
	at org.springframework.web.filter.OncePerRequestFilter.doFilter(OncePerRequestFilter.java:116)
	at org.springframework.security.web.ObservationFilterChainDecorator$ObservationFilter.wrapFilter(ObservationFilterChainDecorator.java:240)
	at org.springframework.security.web.ObservationFilterChainDecorator$ObservationFilter.doFilter(ObservationFilterChainDecorator.java:227)
	at org.springframework.security.web.ObservationFilterChainDecorator$VirtualFilterChain.doFilter(ObservationFilterChainDecorator.java:137)
	at org.springframework.security.web.context.SecurityContextHolderFilter.doFilter(SecurityContextHolderFilter.java:82)
	at org.springframework.security.web.context.SecurityContextHolderFilter.doFilter(SecurityContextHolderFilter.java:69)
	at org.springframework.security.web.ObservationFilterChainDecorator$ObservationFilter.wrapFilter(ObservationFilterChainDecorator.java:240)
	at org.springframework.security.web.ObservationFilterChainDecorator$ObservationFilter.doFilter(ObservationFilterChainDecorator.java:227)
	at org.springframework.security.web.ObservationFilterChainDecorator$VirtualFilterChain.doFilter(ObservationFilterChainDecorator.java:137)
	at org.springframework.security.web.context.request.async.WebAsyncManagerIntegrationFilter.doFilterInternal(WebAsyncManagerIntegrationFilter.java:62)
	at org.springframework.web.filter.OncePerRequestFilter.doFilter(OncePerRequestFilter.java:116)
	at org.springframework.security.web.ObservationFilterChainDecorator$ObservationFilter.wrapFilter(ObservationFilterChainDecorator.java:240)
	at org.springframework.security.web.ObservationFilterChainDecorator$ObservationFilter.doFilter(ObservationFilterChainDecorator.java:227)
	at org.springframework.security.web.ObservationFilterChainDecorator$VirtualFilterChain.doFilter(ObservationFilterChainDecorator.java:137)
	at org.springframework.security.web.session.DisableEncodeUrlFilter.doFilterInternal(DisableEncodeUrlFilter.java:42)
	at org.springframework.web.filter.OncePerRequestFilter.doFilter(OncePerRequestFilter.java:116)
	at org.springframework.security.web.ObservationFilterChainDecorator$ObservationFilter.wrapFilter(ObservationFilterChainDecorator.java:240)
	at org.springframework.security.web.ObservationFilterChainDecorator$AroundFilterObservation$SimpleAroundFilterObservation.lambda$wrap$0(ObservationFilterChainDecorator.java:323)
	at org.springframework.security.web.ObservationFilterChainDecorator$ObservationFilter.doFilter(ObservationFilterChainDecorator.java:224)
	at org.springframework.security.web.ObservationFilterChainDecorator$VirtualFilterChain.doFilter(ObservationFilterChainDecorator.java:137)
	at org.springframework.security.web.FilterChainProxy.doFilterInternal(FilterChainProxy.java:233)
	at org.springframework.security.web.FilterChainProxy.doFilter(FilterChainProxy.java:191)
	at org.springframework.web.filter.CompositeFilter$VirtualFilterChain.doFilter(CompositeFilter.java:113)
	at org.springframework.web.servlet.handler.HandlerMappingIntrospector.lambda$createCacheFilter$3(HandlerMappingIntrospector.java:195)
	at org.springframework.web.filter.CompositeFilter$VirtualFilterChain.doFilter(CompositeFilter.java:113)
	at org.springframework.web.filter.CompositeFilter.doFilter(CompositeFilter.java:74)
	at org.springframework.security.config.annotation.web.configuration.WebMvcSecurityConfiguration$CompositeFilterChainProxy.doFilter(WebMvcSecurityConfiguration.java:230)
	at org.springframework.web.filter.DelegatingFilterProxy.invokeDelegate(DelegatingFilterProxy.java:352)
	at org.springframework.web.filter.DelegatingFilterProxy.doFilter(DelegatingFilterProxy.java:268)
	at org.apache.catalina.core.ApplicationFilterChain.internalDoFilter(ApplicationFilterChain.java:164)
	at org.apache.catalina.core.ApplicationFilterChain.doFilter(ApplicationFilterChain.java:140)
	at org.springframework.web.filter.RequestContextFilter.doFilterInternal(RequestContextFilter.java:100)
	at org.springframework.web.filter.OncePerRequestFilter.doFilter(OncePerRequestFilter.java:116)
	at org.apache.catalina.core.ApplicationFilterChain.internalDoFilter(ApplicationFilterChain.java:164)
	at org.apache.catalina.core.ApplicationFilterChain.doFilter(ApplicationFilterChain.java:140)
	at org.springframework.web.filter.FormContentFilter.doFilterInternal(FormContentFilter.java:93)
	at org.springframework.web.filter.OncePerRequestFilter.doFilter(OncePerRequestFilter.java:116)
	at org.apache.catalina.core.ApplicationFilterChain.internalDoFilter(ApplicationFilterChain.java:164)
	at org.apache.catalina.core.ApplicationFilterChain.doFilter(ApplicationFilterChain.java:140)
	at org.springframework.web.filter.ServerHttpObservationFilter.doFilterInternal(ServerHttpObservationFilter.java:109)
	at org.springframework.web.filter.OncePerRequestFilter.doFilter(OncePerRequestFilter.java:116)
	at org.apache.catalina.core.ApplicationFilterChain.internalDoFilter(ApplicationFilterChain.java:164)
	at org.apache.catalina.core.ApplicationFilterChain.doFilter(ApplicationFilterChain.java:140)
	at org.springframework.web.filter.CharacterEncodingFilter.doFilterInternal(CharacterEncodingFilter.java:201)
	at org.springframework.web.filter.OncePerRequestFilter.doFilter(OncePerRequestFilter.java:116)
	at org.apache.catalina.core.ApplicationFilterChain.internalDoFilter(ApplicationFilterChain.java:164)
	at org.apache.catalina.core.ApplicationFilterChain.doFilter(ApplicationFilterChain.java:140)
	at org.apache.catalina.core.StandardWrapperValve.invoke(StandardWrapperValve.java:167)
	at org.apache.catalina.core.StandardContextValve.invoke(StandardContextValve.java:90)
	at org.apache.catalina.authenticator.AuthenticatorBase.invoke(AuthenticatorBase.java:482)
	at org.apache.catalina.core.StandardHostValve.invoke(StandardHostValve.java:115)
	at org.apache.catalina.valves.ErrorReportValve.invoke(ErrorReportValve.java:93)
	at org.apache.catalina.core.StandardEngineValve.invoke(StandardEngineValve.java:74)
	at org.apache.catalina.connector.CoyoteAdapter.service(CoyoteAdapter.java:344)
	at org.apache.coyote.http11.Http11Processor.service(Http11Processor.java:389)
	at org.apache.coyote.AbstractProcessorLight.process(AbstractProcessorLight.java:63)
	at org.apache.coyote.AbstractProtocol$ConnectionHandler.process(AbstractProtocol.java:896)
	at org.apache.tomcat.util.net.NioEndpoint$SocketProcessor.doRun(NioEndpoint.java:1741)
	at org.apache.tomcat.util.net.SocketProcessorBase.run(SocketProcessorBase.java:52)
	at org.apache.tomcat.util.threads.ThreadPoolExecutor.runWorker(ThreadPoolExecutor.java:1190)
	at org.apache.tomcat.util.threads.ThreadPoolExecutor$Worker.run(ThreadPoolExecutor.java:659)
	at org.apache.tomcat.util.threads.TaskThread$WrappingRunnable.run(TaskThread.java:63)
	at java.base/java.lang.Thread.run(Thread.java:1583)
2026-07-16 21:01:44,884 INFO o.s.o.j.AbstractEntityManagerFactoryBean [SpringApplicationShutdownHook] Closing JPA EntityManagerFactory for persistence unit 'default'
2026-07-16 21:01:44,888 INFO c.z.h.HikariDataSource [SpringApplicationShutdownHook] HikariPool-1 - Shutdown initiated...
2026-07-16 21:01:44,905 INFO c.z.h.HikariDataSource [SpringApplicationShutdownHook] HikariPool-1 - Shutdown completed.
2026-07-16 21:02:00,850 INFO o.h.v.i.u.Version [background-preinit] HV000001: Hibernate Validator 8.0.1.Final
2026-07-16 21:02:00,993 INFO o.s.b.StartupInfoLogger [main] Starting FuelstationBackendApplication using Java 21.0.8 with PID 20204 (C:\Users\Hp\OneDrive\Smart-Fuel-Station-Management-System\backend\target\classes started by Hp in C:\Users\Hp\OneDrive\Smart-Fuel-Station-Management-System\backend)
2026-07-16 21:02:00,993 DEBUG o.s.b.StartupInfoLogger [main] Running with Spring Boot v3.3.0, Spring v6.1.8
2026-07-16 21:02:00,994 INFO o.s.b.SpringApplication [main] No active profile set, falling back to 1 default profile: "default"
2026-07-16 21:02:02,237 INFO o.s.d.r.c.RepositoryConfigurationDelegate [main] Bootstrapping Spring Data JPA repositories in DEFAULT mode.
2026-07-16 21:02:02,442 INFO o.s.d.r.c.RepositoryConfigurationDelegate [main] Finished Spring Data repository scanning in 194 ms. Found 10 JPA repository interfaces.
2026-07-16 21:02:04,005 INFO o.s.b.w.e.t.TomcatWebServer [main] Tomcat initialized with port 8080 (http)
2026-07-16 21:02:04,026 INFO o.a.j.l.DirectJDKLog [main] Initializing ProtocolHandler ["http-nio-8080"]
2026-07-16 21:02:04,032 INFO o.a.j.l.DirectJDKLog [main] Starting service [Tomcat]
2026-07-16 21:02:04,033 INFO o.a.j.l.DirectJDKLog [main] Starting Servlet engine: [Apache Tomcat/10.1.24]
2026-07-16 21:02:04,264 INFO o.a.j.l.DirectJDKLog [main] Initializing Spring embedded WebApplicationContext
2026-07-16 21:02:04,266 INFO o.s.b.w.s.c.ServletWebServerApplicationContext [main] Root WebApplicationContext: initialization completed in 3119 ms
2026-07-16 21:02:04,720 INFO o.h.j.i.u.LogHelper [main] HHH000204: Processing PersistenceUnitInfo [name: default]
2026-07-16 21:02:04,826 INFO o.h.Version [main] HHH000412: Hibernate ORM core version 6.5.2.Final
2026-07-16 21:02:04,890 INFO o.h.c.i.RegionFactoryInitiator [main] HHH000026: Second-level cache disabled
2026-07-16 21:02:05,310 INFO o.s.o.j.p.SpringPersistenceUnitInfo [main] No LoadTimeWeaver setup: ignoring JPA class transformer
2026-07-16 21:02:05,361 INFO c.z.h.HikariDataSource [main] HikariPool-1 - Starting...
2026-07-16 21:02:05,648 INFO c.z.h.p.HikariPool [main] HikariPool-1 - Added connection com.mysql.cj.jdbc.ConnectionImpl@38af386e
2026-07-16 21:02:05,653 INFO c.z.h.HikariDataSource [main] HikariPool-1 - Start completed.
2026-07-16 21:02:07,098 INFO o.h.e.t.j.p.i.JtaPlatformInitiator [main] HHH000489: No JTA platform available (set 'hibernate.transaction.jta.platform' to enable JTA platform integration)
2026-07-16 21:02:07,248 INFO o.s.o.j.AbstractEntityManagerFactoryBean [main] Initialized JPA EntityManagerFactory for persistence unit 'default'
2026-07-16 21:02:07,761 DEBUG o.s.w.f.GenericFilterBean [main] Filter 'authenticationJwtTokenFilter' configured for use
2026-07-16 21:02:07,856 INFO o.s.d.j.r.q.QueryEnhancerFactory [main] Hibernate is in classpath; If applicable, HQL parser will be used.
2026-07-16 21:02:09,109 INFO o.s.s.c.a.a.c.InitializeAuthenticationProviderBeanManagerConfigurer$InitializeAuthenticationProviderManagerConfigurer [main] Global AuthenticationManager configured with AuthenticationProvider bean with name authenticationProvider
2026-07-16 21:02:09,111 WARN o.s.s.c.a.a.c.InitializeUserDetailsBeanManagerConfigurer$InitializeUserDetailsManagerConfigurer [main] Global AuthenticationManager configured with an AuthenticationProvider bean. UserDetailsService beans will not be used for username/password login. Consider removing the AuthenticationProvider bean. Alternatively, consider using the UserDetailsService in a manually instantiated DaoAuthenticationProvider.
2026-07-16 21:02:09,311 WARN o.s.b.a.o.j.JpaBaseConfiguration$JpaWebConfiguration [main] spring.jpa.open-in-view is enabled by default. Therefore, database queries may be performed during view rendering. Explicitly configure spring.jpa.open-in-view to disable this warning
2026-07-16 21:02:09,851 INFO o.s.b.a.e.w.EndpointLinksResolver [main] Exposing 2 endpoints beneath base path '/actuator'
2026-07-16 21:02:09,938 INFO o.s.s.w.DefaultSecurityFilterChain [main] Will secure any request with [org.springframework.security.web.session.DisableEncodeUrlFilter@3cf828db, org.springframework.security.web.context.request.async.WebAsyncManagerIntegrationFilter@45571cc9, org.springframework.security.web.context.SecurityContextHolderFilter@2cca4a87, org.springframework.security.web.header.HeaderWriterFilter@726e3907, org.springframework.web.filter.CorsFilter@476bdad6, org.springframework.security.web.authentication.logout.LogoutFilter@9736d7e, com.fuelstation.Security.AuthTokenFilter@2252dc5d, org.springframework.security.web.savedrequest.RequestCacheAwareFilter@36ccc844, org.springframework.security.web.servletapi.SecurityContextHolderAwareRequestFilter@5793cd84, org.springframework.security.web.authentication.AnonymousAuthenticationFilter@4d7687f9, org.springframework.security.web.session.SessionManagementFilter@2624dd2c, org.springframework.security.web.access.ExceptionTranslationFilter@1931223f, org.springframework.security.web.access.intercept.AuthorizationFilter@618dbfd4]
2026-07-16 21:02:10,543 INFO o.a.j.l.DirectJDKLog [main] Starting ProtocolHandler ["http-nio-8080"]
2026-07-16 21:02:10,589 INFO o.s.b.w.e.t.TomcatWebServer [main] Tomcat started on port 8080 (http) with context path '/'
2026-07-16 21:02:10,610 INFO o.s.b.StartupInfoLogger [main] Started FuelstationBackendApplication in 10.649 seconds (process running for 11.121)
2026-07-16 21:02:10,827 INFO o.a.j.l.DirectJDKLog [http-nio-8080-exec-1] Initializing Spring DispatcherServlet 'dispatcherServlet'
2026-07-16 21:02:10,828 INFO o.s.w.s.FrameworkServlet [http-nio-8080-exec-1] Initializing Servlet 'dispatcherServlet'
2026-07-16 21:02:10,832 INFO o.s.w.s.FrameworkServlet [http-nio-8080-exec-1] Completed initialization in 3 ms
2026-07-16 21:19:07,028 INFO o.h.v.i.u.Version [background-preinit] HV000001: Hibernate Validator 8.0.1.Final
2026-07-16 21:19:07,164 INFO o.s.b.StartupInfoLogger [main] Starting FuelstationBackendApplication using Java 21.0.8 with PID 22744 (C:\Users\Hp\OneDrive\Smart-Fuel-Station-Management-System\backend\target\classes started by Hp in C:\Users\Hp\OneDrive\Smart-Fuel-Station-Management-System\backend)
2026-07-16 21:19:07,164 DEBUG o.s.b.StartupInfoLogger [main] Running with Spring Boot v3.3.0, Spring v6.1.8
2026-07-16 21:19:07,165 INFO o.s.b.SpringApplication [main] No active profile set, falling back to 1 default profile: "default"
2026-07-16 21:19:08,211 INFO o.s.d.r.c.RepositoryConfigurationDelegate [main] Bootstrapping Spring Data JPA repositories in DEFAULT mode.
2026-07-16 21:19:08,432 INFO o.s.d.r.c.RepositoryConfigurationDelegate [main] Finished Spring Data repository scanning in 210 ms. Found 10 JPA repository interfaces.
2026-07-16 21:19:09,854 INFO o.s.b.w.e.t.TomcatWebServer [main] Tomcat initialized with port 8080 (http)
2026-07-16 21:19:09,867 INFO o.a.j.l.DirectJDKLog [main] Initializing ProtocolHandler ["http-nio-8080"]
2026-07-16 21:19:09,872 INFO o.a.j.l.DirectJDKLog [main] Starting service [Tomcat]
2026-07-16 21:19:09,872 INFO o.a.j.l.DirectJDKLog [main] Starting Servlet engine: [Apache Tomcat/10.1.24]
2026-07-16 21:19:10,002 INFO o.a.j.l.DirectJDKLog [main] Initializing Spring embedded WebApplicationContext
2026-07-16 21:19:10,004 INFO o.s.b.w.s.c.ServletWebServerApplicationContext [main] Root WebApplicationContext: initialization completed in 2722 ms
2026-07-16 21:19:10,493 INFO o.h.j.i.u.LogHelper [main] HHH000204: Processing PersistenceUnitInfo [name: default]
2026-07-16 21:19:10,576 INFO o.h.Version [main] HHH000412: Hibernate ORM core version 6.5.2.Final
2026-07-16 21:19:10,637 INFO o.h.c.i.RegionFactoryInitiator [main] HHH000026: Second-level cache disabled
2026-07-16 21:19:11,154 INFO o.s.o.j.p.SpringPersistenceUnitInfo [main] No LoadTimeWeaver setup: ignoring JPA class transformer
2026-07-16 21:19:11,221 INFO c.z.h.HikariDataSource [main] HikariPool-1 - Starting...
2026-07-16 21:19:11,426 INFO c.z.h.p.HikariPool [main] HikariPool-1 - Added connection com.mysql.cj.jdbc.ConnectionImpl@614361fa
2026-07-16 21:19:11,428 INFO c.z.h.HikariDataSource [main] HikariPool-1 - Start completed.
2026-07-16 21:19:12,744 INFO o.h.e.t.j.p.i.JtaPlatformInitiator [main] HHH000489: No JTA platform available (set 'hibernate.transaction.jta.platform' to enable JTA platform integration)
2026-07-16 21:19:12,862 INFO o.s.o.j.AbstractEntityManagerFactoryBean [main] Initialized JPA EntityManagerFactory for persistence unit 'default'
2026-07-16 21:19:13,350 DEBUG o.s.w.f.GenericFilterBean [main] Filter 'authenticationJwtTokenFilter' configured for use
2026-07-16 21:19:13,422 INFO o.s.d.j.r.q.QueryEnhancerFactory [main] Hibernate is in classpath; If applicable, HQL parser will be used.
2026-07-16 21:19:14,654 INFO o.s.s.c.a.a.c.InitializeAuthenticationProviderBeanManagerConfigurer$InitializeAuthenticationProviderManagerConfigurer [main] Global AuthenticationManager configured with AuthenticationProvider bean with name authenticationProvider
2026-07-16 21:19:14,656 WARN o.s.s.c.a.a.c.InitializeUserDetailsBeanManagerConfigurer$InitializeUserDetailsManagerConfigurer [main] Global AuthenticationManager configured with an AuthenticationProvider bean. UserDetailsService beans will not be used for username/password login. Consider removing the AuthenticationProvider bean. Alternatively, consider using the UserDetailsService in a manually instantiated DaoAuthenticationProvider.
2026-07-16 21:19:14,840 WARN o.s.b.a.o.j.JpaBaseConfiguration$JpaWebConfiguration [main] spring.jpa.open-in-view is enabled by default. Therefore, database queries may be performed during view rendering. Explicitly configure spring.jpa.open-in-view to disable this warning
2026-07-16 21:24:54,735 INFO o.s.o.j.AbstractEntityManagerFactoryBean [SpringApplicationShutdownHook] Closing JPA EntityManagerFactory for persistence unit 'default'
2026-07-16 21:24:54,782 INFO c.z.h.HikariDataSource [SpringApplicationShutdownHook] HikariPool-1 - Shutdown initiated...
2026-07-16 21:24:54,843 INFO c.z.h.HikariDataSource [SpringApplicationShutdownHook] HikariPool-1 - Shutdown completed.
2026-07-16 21:25:08,561 INFO o.h.v.i.u.Version [background-preinit] HV000001: Hibernate Validator 8.0.1.Final
2026-07-16 21:25:08,663 INFO o.s.b.StartupInfoLogger [main] Starting FuelstationBackendApplication using Java 21.0.8 with PID 7064 (C:\Users\Hp\OneDrive\Smart-Fuel-Station-Management-System\backend\target\classes started by Hp in C:\Users\Hp\OneDrive\Smart-Fuel-Station-Management-System\backend)
2026-07-16 21:25:08,664 DEBUG o.s.b.StartupInfoLogger [main] Running with Spring Boot v3.3.0, Spring v6.1.8
2026-07-16 21:25:08,665 INFO o.s.b.SpringApplication [main] No active profile set, falling back to 1 default profile: "default"
2026-07-16 21:25:09,764 INFO o.s.d.r.c.RepositoryConfigurationDelegate [main] Bootstrapping Spring Data JPA repositories in DEFAULT mode.
2026-07-16 21:25:09,999 INFO o.s.d.r.c.RepositoryConfigurationDelegate [main] Finished Spring Data repository scanning in 215 ms. Found 10 JPA repository interfaces.
2026-07-16 21:25:11,407 INFO o.s.b.w.e.t.TomcatWebServer [main] Tomcat initialized with port 8080 (http)
2026-07-16 21:25:11,424 INFO o.a.j.l.DirectJDKLog [main] Initializing ProtocolHandler ["http-nio-8080"]
2026-07-16 21:25:11,428 INFO o.a.j.l.DirectJDKLog [main] Starting service [Tomcat]
2026-07-16 21:25:11,429 INFO o.a.j.l.DirectJDKLog [main] Starting Servlet engine: [Apache Tomcat/10.1.24]
2026-07-16 21:25:11,539 INFO o.a.j.l.DirectJDKLog [main] Initializing Spring embedded WebApplicationContext
2026-07-16 21:25:11,541 INFO o.s.b.w.s.c.ServletWebServerApplicationContext [main] Root WebApplicationContext: initialization completed in 2797 ms
2026-07-16 21:25:12,014 INFO o.h.j.i.u.LogHelper [main] HHH000204: Processing PersistenceUnitInfo [name: default]
2026-07-16 21:25:12,097 INFO o.h.Version [main] HHH000412: Hibernate ORM core version 6.5.2.Final
2026-07-16 21:25:12,150 INFO o.h.c.i.RegionFactoryInitiator [main] HHH000026: Second-level cache disabled
2026-07-16 21:25:12,538 INFO o.s.o.j.p.SpringPersistenceUnitInfo [main] No LoadTimeWeaver setup: ignoring JPA class transformer
2026-07-16 21:25:12,649 INFO c.z.h.HikariDataSource [main] HikariPool-1 - Starting...
2026-07-16 21:25:12,877 INFO c.z.h.p.HikariPool [main] HikariPool-1 - Added connection com.mysql.cj.jdbc.ConnectionImpl@6ba08a09
2026-07-16 21:25:12,881 INFO c.z.h.HikariDataSource [main] HikariPool-1 - Start completed.
2026-07-16 21:25:14,297 INFO o.h.e.t.j.p.i.JtaPlatformInitiator [main] HHH000489: No JTA platform available (set 'hibernate.transaction.jta.platform' to enable JTA platform integration)
2026-07-16 21:25:14,394 INFO o.s.o.j.AbstractEntityManagerFactoryBean [main] Initialized JPA EntityManagerFactory for persistence unit 'default'
2026-07-16 21:25:14,816 DEBUG o.s.w.f.GenericFilterBean [main] Filter 'authenticationJwtTokenFilter' configured for use
2026-07-16 21:25:14,878 INFO o.s.d.j.r.q.QueryEnhancerFactory [main] Hibernate is in classpath; If applicable, HQL parser will be used.
2026-07-16 21:25:16,036 INFO o.s.s.c.a.a.c.InitializeAuthenticationProviderBeanManagerConfigurer$InitializeAuthenticationProviderManagerConfigurer [main] Global AuthenticationManager configured with AuthenticationProvider bean with name authenticationProvider
2026-07-16 21:25:16,038 WARN o.s.s.c.a.a.c.InitializeUserDetailsBeanManagerConfigurer$InitializeUserDetailsManagerConfigurer [main] Global AuthenticationManager configured with an AuthenticationProvider bean. UserDetailsService beans will not be used for username/password login. Consider removing the AuthenticationProvider bean. Alternatively, consider using the UserDetailsService in a manually instantiated DaoAuthenticationProvider.
2026-07-16 21:25:16,187 WARN o.s.b.a.o.j.JpaBaseConfiguration$JpaWebConfiguration [main] spring.jpa.open-in-view is enabled by default. Therefore, database queries may be performed during view rendering. Explicitly configure spring.jpa.open-in-view to disable this warning
2026-07-16 21:25:16,661 INFO o.s.b.a.e.w.EndpointLinksResolver [main] Exposing 2 endpoints beneath base path '/actuator'
2026-07-16 21:25:16,771 INFO o.s.s.w.DefaultSecurityFilterChain [main] Will secure any request with [org.springframework.security.web.session.DisableEncodeUrlFilter@33c5e228, org.springframework.security.web.context.request.async.WebAsyncManagerIntegrationFilter@37a709bc, org.springframework.security.web.context.SecurityContextHolderFilter@71134823, org.springframework.security.web.header.HeaderWriterFilter@5d4e11ce, org.springframework.web.filter.CorsFilter@cae60f1, org.springframework.security.web.authentication.logout.LogoutFilter@28459752, com.fuelstation.Security.AuthTokenFilter@1e6be9f0, org.springframework.security.web.savedrequest.RequestCacheAwareFilter@25ebe548, org.springframework.security.web.servletapi.SecurityContextHolderAwareRequestFilter@6a76eef, org.springframework.security.web.authentication.AnonymousAuthenticationFilter@4e8fab14, org.springframework.security.web.session.SessionManagementFilter@48ac2da4, org.springframework.security.web.access.ExceptionTranslationFilter@2517d499, org.springframework.security.web.access.intercept.AuthorizationFilter@3035c07c]
2026-07-16 21:25:17,418 INFO o.a.j.l.DirectJDKLog [main] Starting ProtocolHandler ["http-nio-8080"]
2026-07-16 21:25:17,450 INFO o.s.b.w.e.t.TomcatWebServer [main] Tomcat started on port 8080 (http) with context path '/'
2026-07-16 21:25:17,468 INFO o.s.b.StartupInfoLogger [main] Started FuelstationBackendApplication in 9.622 seconds (process running for 10.022)
2026-07-16 21:25:19,140 INFO o.a.j.l.DirectJDKLog [http-nio-8080-exec-1] Initializing Spring DispatcherServlet 'dispatcherServlet'
2026-07-16 21:25:19,140 INFO o.s.w.s.FrameworkServlet [http-nio-8080-exec-1] Initializing Servlet 'dispatcherServlet'
2026-07-16 21:25:19,142 INFO o.s.w.s.FrameworkServlet [http-nio-8080-exec-1] Completed initialization in 1 ms
2026-07-16 21:32:13,341 INFO o.h.v.i.u.Version [background-preinit] HV000001: Hibernate Validator 8.0.1.Final
2026-07-16 21:32:13,394 INFO o.s.b.StartupInfoLogger [main] Starting FuelstationBackendApplication using Java 21.0.8 with PID 12712 (C:\Users\Hp\OneDrive\Smart-Fuel-Station-Management-System\backend\target\classes started by Hp in C:\Users\Hp\OneDrive\Smart-Fuel-Station-Management-System\backend)
2026-07-16 21:32:13,395 DEBUG o.s.b.StartupInfoLogger [main] Running with Spring Boot v3.3.0, Spring v6.1.8
2026-07-16 21:32:13,396 INFO o.s.b.SpringApplication [main] No active profile set, falling back to 1 default profile: "default"
2026-07-16 21:32:14,216 INFO o.s.d.r.c.RepositoryConfigurationDelegate [main] Bootstrapping Spring Data JPA repositories in DEFAULT mode.
2026-07-16 21:32:14,399 INFO o.s.d.r.c.RepositoryConfigurationDelegate [main] Finished Spring Data repository scanning in 172 ms. Found 10 JPA repository interfaces.
2026-07-16 21:32:16,083 INFO o.s.b.w.e.t.TomcatWebServer [main] Tomcat initialized with port 8080 (http)
2026-07-16 21:32:16,102 INFO o.a.j.l.DirectJDKLog [main] Initializing ProtocolHandler ["http-nio-8080"]
2026-07-16 21:32:16,108 INFO o.a.j.l.DirectJDKLog [main] Starting service [Tomcat]
2026-07-16 21:32:16,109 INFO o.a.j.l.DirectJDKLog [main] Starting Servlet engine: [Apache Tomcat/10.1.24]
2026-07-16 21:32:16,243 INFO o.a.j.l.DirectJDKLog [main] Initializing Spring embedded WebApplicationContext
2026-07-16 21:32:16,245 INFO o.s.b.w.s.c.ServletWebServerApplicationContext [main] Root WebApplicationContext: initialization completed in 2777 ms
2026-07-16 21:32:16,673 INFO o.h.j.i.u.LogHelper [main] HHH000204: Processing PersistenceUnitInfo [name: default]
2026-07-16 21:32:16,745 INFO o.h.Version [main] HHH000412: Hibernate ORM core version 6.5.2.Final
2026-07-16 21:32:16,786 INFO o.h.c.i.RegionFactoryInitiator [main] HHH000026: Second-level cache disabled
2026-07-16 21:32:17,140 INFO o.s.o.j.p.SpringPersistenceUnitInfo [main] No LoadTimeWeaver setup: ignoring JPA class transformer
2026-07-16 21:32:17,251 INFO c.z.h.HikariDataSource [main] HikariPool-1 - Starting...
2026-07-16 21:32:17,483 INFO c.z.h.p.HikariPool [main] HikariPool-1 - Added connection com.mysql.cj.jdbc.ConnectionImpl@45b6c666
2026-07-16 21:32:17,486 INFO c.z.h.HikariDataSource [main] HikariPool-1 - Start completed.
2026-07-16 21:32:19,560 INFO o.h.e.t.j.p.i.JtaPlatformInitiator [main] HHH000489: No JTA platform available (set 'hibernate.transaction.jta.platform' to enable JTA platform integration)
2026-07-16 21:32:19,699 INFO o.s.o.j.AbstractEntityManagerFactoryBean [main] Initialized JPA EntityManagerFactory for persistence unit 'default'
2026-07-16 21:32:20,360 DEBUG o.s.w.f.GenericFilterBean [main] Filter 'authenticationJwtTokenFilter' configured for use
2026-07-16 21:32:20,423 INFO o.s.d.j.r.q.QueryEnhancerFactory [main] Hibernate is in classpath; If applicable, HQL parser will be used.
2026-07-16 21:32:21,797 INFO o.s.s.c.a.a.c.InitializeAuthenticationProviderBeanManagerConfigurer$InitializeAuthenticationProviderManagerConfigurer [main] Global AuthenticationManager configured with AuthenticationProvider bean with name authenticationProvider
2026-07-16 21:32:21,798 WARN o.s.s.c.a.a.c.InitializeUserDetailsBeanManagerConfigurer$InitializeUserDetailsManagerConfigurer [main] Global AuthenticationManager configured with an AuthenticationProvider bean. UserDetailsService beans will not be used for username/password login. Consider removing the AuthenticationProvider bean. Alternatively, consider using the UserDetailsService in a manually instantiated DaoAuthenticationProvider.
2026-07-16 21:32:21,979 WARN o.s.b.a.o.j.JpaBaseConfiguration$JpaWebConfiguration [main] spring.jpa.open-in-view is enabled by default. Therefore, database queries may be performed during view rendering. Explicitly configure spring.jpa.open-in-view to disable this warning
2026-07-16 21:32:22,399 INFO o.s.b.a.e.w.EndpointLinksResolver [main] Exposing 2 endpoints beneath base path '/actuator'
2026-07-16 21:32:22,512 INFO o.s.s.w.DefaultSecurityFilterChain [main] Will secure any request with [org.springframework.security.web.session.DisableEncodeUrlFilter@361a1ec3, org.springframework.security.web.context.request.async.WebAsyncManagerIntegrationFilter@30d72c00, org.springframework.security.web.context.SecurityContextHolderFilter@17699e35, org.springframework.security.web.header.HeaderWriterFilter@7cb2f534, org.springframework.web.filter.CorsFilter@23a9780b, org.springframework.security.web.authentication.logout.LogoutFilter@5c7673b8, com.fuelstation.Security.AuthTokenFilter@39153b05, org.springframework.security.web.savedrequest.RequestCacheAwareFilter@24af46dd, org.springframework.security.web.servletapi.SecurityContextHolderAwareRequestFilter@7e1383f7, org.springframework.security.web.authentication.AnonymousAuthenticationFilter@12223aed, org.springframework.security.web.session.SessionManagementFilter@25ebe548, org.springframework.security.web.access.ExceptionTranslationFilter@60fc87e8, org.springframework.security.web.access.intercept.AuthorizationFilter@5d22dd52]
2026-07-16 21:32:23,036 INFO o.a.j.l.DirectJDKLog [main] Starting ProtocolHandler ["http-nio-8080"]
2026-07-16 21:32:23,065 INFO o.s.b.w.e.t.TomcatWebServer [main] Tomcat started on port 8080 (http) with context path '/'
2026-07-16 21:32:23,085 INFO o.s.b.StartupInfoLogger [main] Started FuelstationBackendApplication in 10.413 seconds (process running for 10.853)
2026-07-16 21:32:23,259 INFO o.a.j.l.DirectJDKLog [http-nio-8080-exec-1] Initializing Spring DispatcherServlet 'dispatcherServlet'
2026-07-16 21:32:23,260 INFO o.s.w.s.FrameworkServlet [http-nio-8080-exec-1] Initializing Servlet 'dispatcherServlet'
2026-07-16 21:32:23,265 INFO o.s.w.s.FrameworkServlet [http-nio-8080-exec-1] Completed initialization in 4 ms
2026-07-16 21:35:13,809 INFO o.h.v.i.u.Version [background-preinit] HV000001: Hibernate Validator 8.0.1.Final
2026-07-16 21:35:13,893 INFO o.s.b.StartupInfoLogger [main] Starting FuelstationBackendApplication using Java 21.0.8 with PID 11784 (C:\Users\Hp\OneDrive\Smart-Fuel-Station-Management-System\backend\target\classes started by Hp in C:\Users\Hp\OneDrive\Smart-Fuel-Station-Management-System\backend)
2026-07-16 21:35:13,894 DEBUG o.s.b.StartupInfoLogger [main] Running with Spring Boot v3.3.0, Spring v6.1.8
2026-07-16 21:35:13,895 INFO o.s.b.SpringApplication [main] No active profile set, falling back to 1 default profile: "default"
2026-07-16 21:35:14,637 INFO o.s.d.r.c.RepositoryConfigurationDelegate [main] Bootstrapping Spring Data JPA repositories in DEFAULT mode.
2026-07-16 21:35:14,823 INFO o.s.d.r.c.RepositoryConfigurationDelegate [main] Finished Spring Data repository scanning in 175 ms. Found 10 JPA repository interfaces.
2026-07-16 21:35:15,944 INFO o.s.b.w.e.t.TomcatWebServer [main] Tomcat initialized with port 8080 (http)
2026-07-16 21:35:15,960 INFO o.a.j.l.DirectJDKLog [main] Initializing ProtocolHandler ["http-nio-8080"]
2026-07-16 21:35:15,962 INFO o.a.j.l.DirectJDKLog [main] Starting service [Tomcat]
2026-07-16 21:35:15,963 INFO o.a.j.l.DirectJDKLog [main] Starting Servlet engine: [Apache Tomcat/10.1.24]
2026-07-16 21:35:16,049 INFO o.a.j.l.DirectJDKLog [main] Initializing Spring embedded WebApplicationContext
2026-07-16 21:35:16,050 INFO o.s.b.w.s.c.ServletWebServerApplicationContext [main] Root WebApplicationContext: initialization completed in 2094 ms
2026-07-16 21:35:16,370 INFO o.h.j.i.u.LogHelper [main] HHH000204: Processing PersistenceUnitInfo [name: default]
2026-07-16 21:35:16,467 INFO o.h.Version [main] HHH000412: Hibernate ORM core version 6.5.2.Final
2026-07-16 21:35:16,533 INFO o.h.c.i.RegionFactoryInitiator [main] HHH000026: Second-level cache disabled
2026-07-16 21:35:16,816 INFO o.s.o.j.p.SpringPersistenceUnitInfo [main] No LoadTimeWeaver setup: ignoring JPA class transformer
2026-07-16 21:35:16,848 INFO c.z.h.HikariDataSource [main] HikariPool-1 - Starting...
2026-07-16 21:35:17,029 INFO c.z.h.p.HikariPool [main] HikariPool-1 - Added connection com.mysql.cj.jdbc.ConnectionImpl@6ba08a09
2026-07-16 21:35:17,031 INFO c.z.h.HikariDataSource [main] HikariPool-1 - Start completed.
2026-07-16 21:35:18,180 INFO o.h.e.t.j.p.i.JtaPlatformInitiator [main] HHH000489: No JTA platform available (set 'hibernate.transaction.jta.platform' to enable JTA platform integration)
2026-07-16 21:35:18,274 INFO o.s.o.j.AbstractEntityManagerFactoryBean [main] Initialized JPA EntityManagerFactory for persistence unit 'default'
2026-07-16 21:35:18,673 DEBUG o.s.w.f.GenericFilterBean [main] Filter 'authenticationJwtTokenFilter' configured for use
2026-07-16 21:35:18,735 INFO o.s.d.j.r.q.QueryEnhancerFactory [main] Hibernate is in classpath; If applicable, HQL parser will be used.
2026-07-16 21:35:19,947 INFO o.s.s.c.a.a.c.InitializeAuthenticationProviderBeanManagerConfigurer$InitializeAuthenticationProviderManagerConfigurer [main] Global AuthenticationManager configured with AuthenticationProvider bean with name authenticationProvider
2026-07-16 21:35:19,948 WARN o.s.s.c.a.a.c.InitializeUserDetailsBeanManagerConfigurer$InitializeUserDetailsManagerConfigurer [main] Global AuthenticationManager configured with an AuthenticationProvider bean. UserDetailsService beans will not be used for username/password login. Consider removing the AuthenticationProvider bean. Alternatively, consider using the UserDetailsService in a manually instantiated DaoAuthenticationProvider.
2026-07-16 21:35:20,058 WARN o.s.b.a.o.j.JpaBaseConfiguration$JpaWebConfiguration [main] spring.jpa.open-in-view is enabled by default. Therefore, database queries may be performed during view rendering. Explicitly configure spring.jpa.open-in-view to disable this warning
2026-07-16 21:35:20,452 INFO o.s.b.a.e.w.EndpointLinksResolver [main] Exposing 2 endpoints beneath base path '/actuator'
2026-07-16 21:35:20,532 INFO o.s.s.w.DefaultSecurityFilterChain [main] Will secure any request with [org.springframework.security.web.session.DisableEncodeUrlFilter@618dbfd4, org.springframework.security.web.context.request.async.WebAsyncManagerIntegrationFilter@14fda568, org.springframework.security.web.context.SecurityContextHolderFilter@8a641ed, org.springframework.security.web.header.HeaderWriterFilter@56f2cdb5, org.springframework.web.filter.CorsFilter@407858c5, org.springframework.security.web.authentication.logout.LogoutFilter@2c15ced4, com.fuelstation.Security.AuthTokenFilter@1e6be9f0, org.springframework.security.web.savedrequest.RequestCacheAwareFilter@2cca4a87, org.springframework.security.web.servletapi.SecurityContextHolderAwareRequestFilter@682ec8d, org.springframework.security.web.authentication.AnonymousAuthenticationFilter@30075210, org.springframework.security.web.session.SessionManagementFilter@7cb2f534, org.springframework.security.web.access.ExceptionTranslationFilter@60fd51a1, org.springframework.security.web.access.intercept.AuthorizationFilter@511d31a6]
2026-07-16 21:35:21,038 INFO o.a.j.l.DirectJDKLog [main] Starting ProtocolHandler ["http-nio-8080"]
2026-07-16 21:35:21,054 WARN o.s.c.s.AbstractApplicationContext [main] Exception encountered during context initialization - cancelling refresh attempt: org.springframework.context.ApplicationContextException: Failed to start bean 'webServerStartStop'
2026-07-16 21:35:21,060 INFO o.s.o.j.AbstractEntityManagerFactoryBean [main] Closing JPA EntityManagerFactory for persistence unit 'default'
2026-07-16 21:35:21,065 INFO c.z.h.HikariDataSource [main] HikariPool-1 - Shutdown initiated...
2026-07-16 21:35:21,078 INFO c.z.h.HikariDataSource [main] HikariPool-1 - Shutdown completed.
2026-07-16 21:35:21,098 INFO o.s.b.a.l.ConditionEvaluationReportLogger [main] 

Error starting ApplicationContext. To display the condition evaluation report re-run your application with 'debug' enabled.
2026-07-16 21:35:21,118 ERROR o.s.b.d.LoggingFailureAnalysisReporter [main] 

***************************
APPLICATION FAILED TO START
***************************

Description:

Web server failed to start. Port 8080 was already in use.

Action:

Identify and stop the process that's listening on port 8080 or configure this application to listen on another port.

2026-07-16 21:38:22,923 INFO o.h.v.i.u.Version [background-preinit] HV000001: Hibernate Validator 8.0.1.Final
2026-07-16 21:38:23,045 INFO o.s.b.StartupInfoLogger [main] Starting FuelstationBackendApplication using Java 21.0.8 with PID 2400 (C:\Users\Hp\OneDrive\Smart-Fuel-Station-Management-System\backend\target\classes started by Hp in C:\Users\Hp\OneDrive\Smart-Fuel-Station-Management-System\backend)
2026-07-16 21:38:23,046 DEBUG o.s.b.StartupInfoLogger [main] Running with Spring Boot v3.3.0, Spring v6.1.8
2026-07-16 21:38:23,048 INFO o.s.b.SpringApplication [main] No active profile set, falling back to 1 default profile: "default"
2026-07-16 21:38:23,738 INFO o.s.d.r.c.RepositoryConfigurationDelegate [main] Bootstrapping Spring Data JPA repositories in DEFAULT mode.
2026-07-16 21:38:23,878 INFO o.s.d.r.c.RepositoryConfigurationDelegate [main] Finished Spring Data repository scanning in 133 ms. Found 10 JPA repository interfaces.
2026-07-16 21:38:24,971 INFO o.s.b.w.e.t.TomcatWebServer [main] Tomcat initialized with port 8080 (http)
2026-07-16 21:38:24,982 INFO o.a.j.l.DirectJDKLog [main] Initializing ProtocolHandler ["http-nio-8080"]
2026-07-16 21:38:24,986 INFO o.a.j.l.DirectJDKLog [main] Starting service [Tomcat]
2026-07-16 21:38:24,986 INFO o.a.j.l.DirectJDKLog [main] Starting Servlet engine: [Apache Tomcat/10.1.24]
2026-07-16 21:38:25,066 INFO o.a.j.l.DirectJDKLog [main] Initializing Spring embedded WebApplicationContext
2026-07-16 21:38:25,069 INFO o.s.b.w.s.c.ServletWebServerApplicationContext [main] Root WebApplicationContext: initialization completed in 1943 ms
2026-07-16 21:38:25,426 INFO o.h.j.i.u.LogHelper [main] HHH000204: Processing PersistenceUnitInfo [name: default]
2026-07-16 21:38:25,479 INFO o.h.Version [main] HHH000412: Hibernate ORM core version 6.5.2.Final
2026-07-16 21:38:25,517 INFO o.h.c.i.RegionFactoryInitiator [main] HHH000026: Second-level cache disabled
2026-07-16 21:38:25,821 INFO o.s.o.j.p.SpringPersistenceUnitInfo [main] No LoadTimeWeaver setup: ignoring JPA class transformer
2026-07-16 21:38:25,844 INFO c.z.h.HikariDataSource [main] HikariPool-1 - Starting...
2026-07-16 21:38:26,004 INFO c.z.h.p.HikariPool [main] HikariPool-1 - Added connection com.mysql.cj.jdbc.ConnectionImpl@546c30c2
2026-07-16 21:38:26,007 INFO c.z.h.HikariDataSource [main] HikariPool-1 - Start completed.
2026-07-16 21:38:27,026 INFO o.h.e.t.j.p.i.JtaPlatformInitiator [main] HHH000489: No JTA platform available (set 'hibernate.transaction.jta.platform' to enable JTA platform integration)
2026-07-16 21:38:27,175 INFO o.s.o.j.AbstractEntityManagerFactoryBean [main] Initialized JPA EntityManagerFactory for persistence unit 'default'
2026-07-16 21:38:27,596 DEBUG o.s.w.f.GenericFilterBean [main] Filter 'authenticationJwtTokenFilter' configured for use
2026-07-16 21:38:27,648 INFO o.s.d.j.r.q.QueryEnhancerFactory [main] Hibernate is in classpath; If applicable, HQL parser will be used.
2026-07-16 21:38:28,757 INFO o.s.s.c.a.a.c.InitializeAuthenticationProviderBeanManagerConfigurer$InitializeAuthenticationProviderManagerConfigurer [main] Global AuthenticationManager configured with AuthenticationProvider bean with name authenticationProvider
2026-07-16 21:38:28,762 WARN o.s.s.c.a.a.c.InitializeUserDetailsBeanManagerConfigurer$InitializeUserDetailsManagerConfigurer [main] Global AuthenticationManager configured with an AuthenticationProvider bean. UserDetailsService beans will not be used for username/password login. Consider removing the AuthenticationProvider bean. Alternatively, consider using the UserDetailsService in a manually instantiated DaoAuthenticationProvider.
2026-07-16 21:38:28,961 WARN o.s.b.a.o.j.JpaBaseConfiguration$JpaWebConfiguration [main] spring.jpa.open-in-view is enabled by default. Therefore, database queries may be performed during view rendering. Explicitly configure spring.jpa.open-in-view to disable this warning
2026-07-16 21:38:29,356 INFO o.s.b.a.e.w.EndpointLinksResolver [main] Exposing 2 endpoints beneath base path '/actuator'
2026-07-16 21:38:29,431 INFO o.s.s.w.DefaultSecurityFilterChain [main] Will secure any request with [org.springframework.security.web.session.DisableEncodeUrlFilter@4d7687f9, org.springframework.security.web.context.request.async.WebAsyncManagerIntegrationFilter@3035c07c, org.springframework.security.web.context.SecurityContextHolderFilter@48ac2da4, org.springframework.security.web.header.HeaderWriterFilter@6c9b2d0e, org.springframework.web.filter.CorsFilter@4d7933e7, org.springframework.security.web.authentication.logout.LogoutFilter@559048b3, com.fuelstation.Security.AuthTokenFilter@27311c99, org.springframework.security.web.savedrequest.RequestCacheAwareFilter@214d2aa6, org.springframework.security.web.servletapi.SecurityContextHolderAwareRequestFilter@17699e35, org.springframework.security.web.authentication.AnonymousAuthenticationFilter@545dedf4, org.springframework.security.web.session.SessionManagementFilter@1694aadb, org.springframework.security.web.access.ExceptionTranslationFilter@56f2cdb5, org.springframework.security.web.access.intercept.AuthorizationFilter@30075210]
2026-07-16 21:38:29,915 INFO o.a.j.l.DirectJDKLog [main] Starting ProtocolHandler ["http-nio-8080"]
2026-07-16 21:38:29,975 INFO o.s.b.w.e.t.TomcatWebServer [main] Tomcat started on port 8080 (http) with context path '/'
2026-07-16 21:38:29,999 INFO o.s.b.StartupInfoLogger [main] Started FuelstationBackendApplication in 7.507 seconds (process running for 7.846)
2026-07-16 21:39:04,296 INFO o.h.v.i.u.Version [background-preinit] HV000001: Hibernate Validator 8.0.1.Final
2026-07-16 21:39:04,359 INFO o.s.b.StartupInfoLogger [main] Starting FuelstationBackendApplication using Java 21.0.8 with PID 15460 (C:\Users\Hp\OneDrive\Smart-Fuel-Station-Management-System\backend\target\classes started by Hp in C:\Users\Hp\OneDrive\Smart-Fuel-Station-Management-System\backend)
2026-07-16 21:39:04,360 DEBUG o.s.b.StartupInfoLogger [main] Running with Spring Boot v3.3.0, Spring v6.1.8
2026-07-16 21:39:04,361 INFO o.s.b.SpringApplication [main] No active profile set, falling back to 1 default profile: "default"
2026-07-16 21:39:05,194 INFO o.s.d.r.c.RepositoryConfigurationDelegate [main] Bootstrapping Spring Data JPA repositories in DEFAULT mode.
2026-07-16 21:39:05,332 INFO o.s.d.r.c.RepositoryConfigurationDelegate [main] Finished Spring Data repository scanning in 130 ms. Found 10 JPA repository interfaces.
2026-07-16 21:39:06,386 INFO o.s.b.w.e.t.TomcatWebServer [main] Tomcat initialized with port 8080 (http)
2026-07-16 21:39:06,395 INFO o.a.j.l.DirectJDKLog [main] Initializing ProtocolHandler ["http-nio-8080"]
2026-07-16 21:39:06,400 INFO o.a.j.l.DirectJDKLog [main] Starting service [Tomcat]
2026-07-16 21:39:06,400 INFO o.a.j.l.DirectJDKLog [main] Starting Servlet engine: [Apache Tomcat/10.1.24]
2026-07-16 21:39:06,482 INFO o.a.j.l.DirectJDKLog [main] Initializing Spring embedded WebApplicationContext
2026-07-16 21:39:06,483 INFO o.s.b.w.s.c.ServletWebServerApplicationContext [main] Root WebApplicationContext: initialization completed in 2022 ms
2026-07-16 21:39:06,812 INFO o.h.j.i.u.LogHelper [main] HHH000204: Processing PersistenceUnitInfo [name: default]
2026-07-16 21:39:06,860 INFO o.h.Version [main] HHH000412: Hibernate ORM core version 6.5.2.Final
2026-07-16 21:39:06,892 INFO o.h.c.i.RegionFactoryInitiator [main] HHH000026: Second-level cache disabled
2026-07-16 21:39:07,128 INFO o.s.o.j.p.SpringPersistenceUnitInfo [main] No LoadTimeWeaver setup: ignoring JPA class transformer
2026-07-16 21:39:07,168 INFO c.z.h.HikariDataSource [main] HikariPool-1 - Starting...
2026-07-16 21:39:07,324 INFO c.z.h.p.HikariPool [main] HikariPool-1 - Added connection com.mysql.cj.jdbc.ConnectionImpl@4c91f5bf
2026-07-16 21:39:07,328 INFO c.z.h.HikariDataSource [main] HikariPool-1 - Start completed.
2026-07-16 21:39:08,483 INFO o.h.e.t.j.p.i.JtaPlatformInitiator [main] HHH000489: No JTA platform available (set 'hibernate.transaction.jta.platform' to enable JTA platform integration)
2026-07-16 21:39:08,564 INFO o.s.o.j.AbstractEntityManagerFactoryBean [main] Initialized JPA EntityManagerFactory for persistence unit 'default'
2026-07-16 21:39:08,932 DEBUG o.s.w.f.GenericFilterBean [main] Filter 'authenticationJwtTokenFilter' configured for use
2026-07-16 21:39:08,988 INFO o.s.d.j.r.q.QueryEnhancerFactory [main] Hibernate is in classpath; If applicable, HQL parser will be used.
2026-07-16 21:39:10,047 INFO o.s.s.c.a.a.c.InitializeAuthenticationProviderBeanManagerConfigurer$InitializeAuthenticationProviderManagerConfigurer [main] Global AuthenticationManager configured with AuthenticationProvider bean with name authenticationProvider
2026-07-16 21:39:10,048 WARN o.s.s.c.a.a.c.InitializeUserDetailsBeanManagerConfigurer$InitializeUserDetailsManagerConfigurer [main] Global AuthenticationManager configured with an AuthenticationProvider bean. UserDetailsService beans will not be used for username/password login. Consider removing the AuthenticationProvider bean. Alternatively, consider using the UserDetailsService in a manually instantiated DaoAuthenticationProvider.
2026-07-16 21:39:10,199 WARN o.s.b.a.o.j.JpaBaseConfiguration$JpaWebConfiguration [main] spring.jpa.open-in-view is enabled by default. Therefore, database queries may be performed during view rendering. Explicitly configure spring.jpa.open-in-view to disable this warning
2026-07-16 21:39:10,566 INFO o.s.b.a.e.w.EndpointLinksResolver [main] Exposing 2 endpoints beneath base path '/actuator'
2026-07-16 21:39:10,652 INFO o.s.s.w.DefaultSecurityFilterChain [main] Will secure any request with [org.springframework.security.web.session.DisableEncodeUrlFilter@1fee3a40, org.springframework.security.web.context.request.async.WebAsyncManagerIntegrationFilter@6e737ae4, org.springframework.security.web.context.SecurityContextHolderFilter@6c9b2d0e, org.springframework.security.web.header.HeaderWriterFilter@2ff660ec, org.springframework.web.filter.CorsFilter@39716249, org.springframework.security.web.authentication.logout.LogoutFilter@3c81f484, com.fuelstation.Security.AuthTokenFilter@3747877, org.springframework.security.web.savedrequest.RequestCacheAwareFilter@46d7c4d0, org.springframework.security.web.servletapi.SecurityContextHolderAwareRequestFilter@7cb2f534, org.springframework.security.web.authentication.AnonymousAuthenticationFilter@28459752, org.springframework.security.web.session.SessionManagementFilter@56e46791, org.springframework.security.web.access.ExceptionTranslationFilter@2360c312, org.springframework.security.web.access.intercept.AuthorizationFilter@5c608988]
2026-07-16 21:39:11,169 INFO o.a.j.l.DirectJDKLog [main] Starting ProtocolHandler ["http-nio-8080"]
2026-07-16 21:39:11,220 WARN o.s.c.s.AbstractApplicationContext [main] Exception encountered during context initialization - cancelling refresh attempt: org.springframework.context.ApplicationContextException: Failed to start bean 'webServerStartStop'
2026-07-16 21:39:11,228 INFO o.s.o.j.AbstractEntityManagerFactoryBean [main] Closing JPA EntityManagerFactory for persistence unit 'default'
2026-07-16 21:39:11,232 INFO c.z.h.HikariDataSource [main] HikariPool-1 - Shutdown initiated...
2026-07-16 21:39:11,253 INFO c.z.h.HikariDataSource [main] HikariPool-1 - Shutdown completed.
2026-07-16 21:39:11,281 INFO o.s.b.a.l.ConditionEvaluationReportLogger [main] 

Error starting ApplicationContext. To display the condition evaluation report re-run your application with 'debug' enabled.
2026-07-16 21:39:11,333 ERROR o.s.b.d.LoggingFailureAnalysisReporter [main] 

***************************
APPLICATION FAILED TO START
***************************

Description:

Web server failed to start. Port 8080 was already in use.

Action:

Identify and stop the process that's listening on port 8080 or configure this application to listen on another port.

2026-07-16 21:39:19,966 INFO o.a.j.l.DirectJDKLog [http-nio-8080-exec-1] Initializing Spring DispatcherServlet 'dispatcherServlet'
2026-07-16 21:39:19,968 INFO o.s.w.s.FrameworkServlet [http-nio-8080-exec-1] Initializing Servlet 'dispatcherServlet'
2026-07-16 21:39:19,977 INFO o.s.w.s.FrameworkServlet [http-nio-8080-exec-1] Completed initialization in 6 ms
2026-07-16 21:58:16,676 WARN c.z.h.p.HikariPool$HouseKeeper [HikariPool-1 housekeeper] HikariPool-1 - Thread starvation or clock leap detected (housekeeper delta=13m50s456ms977µs100ns).
2026-07-16 22:22:50,140 INFO o.h.v.i.u.Version [background-preinit] HV000001: Hibernate Validator 8.0.1.Final
2026-07-16 22:22:50,225 INFO o.s.b.StartupInfoLogger [main] Starting FuelstationBackendApplication using Java 21.0.8 with PID 23900 (C:\Users\Hp\OneDrive\Smart-Fuel-Station-Management-System\backend\target\classes started by Hp in C:\Users\Hp\OneDrive\Smart-Fuel-Station-Management-System\backend)
2026-07-16 22:22:50,226 DEBUG o.s.b.StartupInfoLogger [main] Running with Spring Boot v3.3.0, Spring v6.1.8
2026-07-16 22:22:50,228 INFO o.s.b.SpringApplication [main] No active profile set, falling back to 1 default profile: "default"
2026-07-16 22:22:51,233 INFO o.s.d.r.c.RepositoryConfigurationDelegate [main] Bootstrapping Spring Data JPA repositories in DEFAULT mode.
2026-07-16 22:22:51,410 INFO o.s.d.r.c.RepositoryConfigurationDelegate [main] Finished Spring Data repository scanning in 167 ms. Found 10 JPA repository interfaces.
2026-07-16 22:22:53,104 INFO o.s.b.w.e.t.TomcatWebServer [main] Tomcat initialized with port 8080 (http)
2026-07-16 22:22:53,121 INFO o.a.j.l.DirectJDKLog [main] Initializing ProtocolHandler ["http-nio-8080"]
2026-07-16 22:22:53,124 INFO o.a.j.l.DirectJDKLog [main] Starting service [Tomcat]
2026-07-16 22:22:53,125 INFO o.a.j.l.DirectJDKLog [main] Starting Servlet engine: [Apache Tomcat/10.1.24]
2026-07-16 22:22:53,240 INFO o.a.j.l.DirectJDKLog [main] Initializing Spring embedded WebApplicationContext
2026-07-16 22:22:53,242 INFO o.s.b.w.s.c.ServletWebServerApplicationContext [main] Root WebApplicationContext: initialization completed in 2926 ms
2026-07-16 22:22:53,737 INFO o.h.j.i.u.LogHelper [main] HHH000204: Processing PersistenceUnitInfo [name: default]
2026-07-16 22:22:53,906 INFO o.h.Version [main] HHH000412: Hibernate ORM core version 6.5.2.Final
2026-07-16 22:22:53,987 INFO o.h.c.i.RegionFactoryInitiator [main] HHH000026: Second-level cache disabled
2026-07-16 22:22:54,450 INFO o.s.o.j.p.SpringPersistenceUnitInfo [main] No LoadTimeWeaver setup: ignoring JPA class transformer
2026-07-16 22:22:54,504 INFO c.z.h.HikariDataSource [main] HikariPool-1 - Starting...
2026-07-16 22:22:54,796 INFO c.z.h.p.HikariPool [main] HikariPool-1 - Added connection com.mysql.cj.jdbc.ConnectionImpl@7fc56d61
2026-07-16 22:22:54,802 INFO c.z.h.HikariDataSource [main] HikariPool-1 - Start completed.
2026-07-16 22:22:57,048 INFO o.h.e.t.j.p.i.JtaPlatformInitiator [main] HHH000489: No JTA platform available (set 'hibernate.transaction.jta.platform' to enable JTA platform integration)
2026-07-16 22:22:57,218 INFO o.s.o.j.AbstractEntityManagerFactoryBean [main] Initialized JPA EntityManagerFactory for persistence unit 'default'
2026-07-16 22:22:57,726 DEBUG o.s.w.f.GenericFilterBean [main] Filter 'authenticationJwtTokenFilter' configured for use
2026-07-16 22:22:57,806 INFO o.s.d.j.r.q.QueryEnhancerFactory [main] Hibernate is in classpath; If applicable, HQL parser will be used.
2026-07-16 22:22:59,385 INFO o.s.s.c.a.a.c.InitializeAuthenticationProviderBeanManagerConfigurer$InitializeAuthenticationProviderManagerConfigurer [main] Global AuthenticationManager configured with AuthenticationProvider bean with name authenticationProvider
2026-07-16 22:22:59,387 WARN o.s.s.c.a.a.c.InitializeUserDetailsBeanManagerConfigurer$InitializeUserDetailsManagerConfigurer [main] Global AuthenticationManager configured with an AuthenticationProvider bean. UserDetailsService beans will not be used for username/password login. Consider removing the AuthenticationProvider bean. Alternatively, consider using the UserDetailsService in a manually instantiated DaoAuthenticationProvider.
2026-07-16 22:22:59,548 WARN o.s.b.a.o.j.JpaBaseConfiguration$JpaWebConfiguration [main] spring.jpa.open-in-view is enabled by default. Therefore, database queries may be performed during view rendering. Explicitly configure spring.jpa.open-in-view to disable this warning
2026-07-16 22:23:00,290 INFO o.s.b.a.e.w.EndpointLinksResolver [main] Exposing 2 endpoints beneath base path '/actuator'
2026-07-16 22:23:00,445 INFO o.s.s.w.DefaultSecurityFilterChain [main] Will secure any request with [org.springframework.security.web.session.DisableEncodeUrlFilter@12223aed, org.springframework.security.web.context.request.async.WebAsyncManagerIntegrationFilter@74a8d26c, org.springframework.security.web.context.SecurityContextHolderFilter@244cdad1, org.springframework.security.web.header.HeaderWriterFilter@7ffe0471, org.springframework.web.filter.CorsFilter@7d1647d5, org.springframework.security.web.authentication.logout.LogoutFilter@59253557, com.fuelstation.Security.AuthTokenFilter@37ecc472, org.springframework.security.web.savedrequest.RequestCacheAwareFilter@1d73ddb0, org.springframework.security.web.servletapi.SecurityContextHolderAwareRequestFilter@2dbdd3f2, org.springframework.security.web.authentication.AnonymousAuthenticationFilter@1517015c, org.springframework.security.web.session.SessionManagementFilter@5edf9eb1, org.springframework.security.web.access.ExceptionTranslationFilter@7b28ce3c, org.springframework.security.web.access.intercept.AuthorizationFilter@7d99846f]
2026-07-16 22:23:01,374 INFO o.a.j.l.DirectJDKLog [main] Starting ProtocolHandler ["http-nio-8080"]
2026-07-16 22:23:01,407 INFO o.s.b.w.e.t.TomcatWebServer [main] Tomcat started on port 8080 (http) with context path '/'
2026-07-16 22:23:01,437 INFO o.s.b.StartupInfoLogger [main] Started FuelstationBackendApplication in 11.982 seconds (process running for 12.477)
2026-07-16 22:23:02,858 INFO o.a.j.l.DirectJDKLog [http-nio-8080-exec-2] Initializing Spring DispatcherServlet 'dispatcherServlet'
2026-07-16 22:23:02,858 INFO o.s.w.s.FrameworkServlet [http-nio-8080-exec-2] Initializing Servlet 'dispatcherServlet'
2026-07-16 22:23:02,861 INFO o.s.w.s.FrameworkServlet [http-nio-8080-exec-2] Completed initialization in 3 ms
